date,season,home_team,away_team,bet_outcome,odds,model_prob,implied_prob,abs_diff,stake,actual_result,result,net,bankroll_after
2023-08-13,2023/24,Chelsea,Liverpool,H,2.9,0.39553603788652536,0.3448275862068966,0.050708451679628785,193.49,D,LOST,-193.49,9806.51
2023-08-19,2023/24,Fulham,Brentford,H,2.7,0.4106488391910897,0.37037037037037035,0.04027846882071934,156.83,A,LOST,-156.83,9649.67
2023-08-19,2023/24,Wolverhampton Wanderers,Brighton & Hove Albion,H,4.0,0.36252830079802023,0.25,0.11252830079802023,289.49,A,LOST,-289.49,9360.18
2023-08-20,2023/24,West Ham United,Chelsea,H,3.75,0.3724664617948887,0.26666666666666666,0.10579979512822202,280.81,H,WON,617.77,9977.95
2023-08-26,2023/24,AFC Bournemouth,Tottenham Hotspur,H,3.8,0.3034722343136839,0.2631578947368421,0.04031433957684183,136.48,A,LOST,-136.48,9841.48
2023-08-27,2023/24,Burnley,Aston Villa,H,3.4,0.344706000693547,0.29411764705882354,0.05058835363472347,176.33,A,LOST,-176.33,9665.15
2023-09-01,2023/24,Luton Town,West Ham United,H,4.75,0.30308451478151327,0.21052631578947367,0.0925581989920396,283.29,A,LOST,-283.29,9381.86
2023-09-16,2023/24,Wolverhampton Wanderers,Liverpool,D,5.0,0.25582792665259135,0.2,0.05582792665259134,163.68,A,LOST,-163.68,9218.18
2023-09-17,2023/24,AFC Bournemouth,Chelsea,H,4.33,0.3151651198147516,0.23094688221709006,0.08421823759766153,252.37,D,LOST,-252.37,8965.82
2023-10-01,2023/24,Nottingham Forest,Brentford,H,2.75,0.4479851903528797,0.36363636363636365,0.08434882671651606,268.97,D,LOST,-268.97,8696.84
2023-10-02,2023/24,Fulham,Chelsea,H,3.6,0.3489127639491449,0.2777777777777778,0.0711349861713671,214.15,A,LOST,-214.15,8482.69
2023-10-03,2023/24,Luton Town,Burnley,H,2.9,0.40876544714902524,0.3448275862068966,0.06393786094212867,206.96,A,LOST,-206.96,8275.74
2023-10-07,2023/24,Luton Town,Tottenham Hotspur,D,4.75,0.2877010669961931,0.21052631578947367,0.0771747512067194,202.25,A,LOST,-202.25,8073.49
2023-10-08,2023/24,Wolverhampton Wanderers,Aston Villa,H,3.5,0.3728239378404424,0.2857142857142857,0.08710965212615668,242.2,D,LOST,-242.2,7831.28
2023-10-21,2023/24,Chelsea,Arsenal,H,3.2,0.3502800123414405,0.3125,0.037780012341440516,107.59,D,LOST,-107.59,7723.7
2023-10-27,2023/24,Crystal Palace,Tottenham Hotspur,H,4.5,0.3272418635988339,0.2222222222222222,0.10501964137661168,231.71,A,LOST,-231.71,7491.99
2023-10-28,2023/24,Wolverhampton Wanderers,Newcastle United,H,4.2,0.29663436271575105,0.23809523809523808,0.05853912462051297,143.91,D,LOST,-143.91,7348.08
2023-10-29,2023/24,Manchester United,Manchester City,H,5.0,0.2584258813390601,0.2,0.05842588133906007,134.16,A,LOST,-134.16,7213.92
2023-11-04,2023/24,Sheffield United,Wolverhampton Wanderers,D,3.5,0.3658495805704916,0.2857142857142857,0.08013529485620591,202.33,H,LOST,-202.33,7011.59
2023-11-04,2023/24,Everton,Brighton & Hove Albion,H,3.1,0.40899738532137336,0.3225806451612903,0.08641674016008305,210.35,D,LOST,-210.35,6801.24
2023-11-05,2023/24,Nottingham Forest,Aston Villa,D,3.75,0.3254410903723581,0.26666666666666666,0.058774423705691414,136.27,H,LOST,-136.27,6664.96
2023-11-11,2023/24,AFC Bournemouth,Newcastle United,H,4.75,0.3327315418013798,0.21052631578947367,0.12220522601190614,199.95,H,WON,599.85,7264.81
2023-11-11,2023/24,Wolverhampton Wanderers,Tottenham Hotspur,H,3.1,0.4115544241227526,0.3225806451612903,0.0889737789614623,217.94,H,WON,366.15,7630.96
2023-11-12,2023/24,Chelsea,Manchester City,H,5.0,0.25868065483932606,0.2,0.05868065483932605,139.93,D,LOST,-139.93,7491.02
2023-11-25,2023/24,Brentford,Arsenal,H,4.5,0.29217615840208233,0.2222222222222222,0.06995393617986012,168.44,A,LOST,-168.44,7322.59
2023-11-25,2023/24,Burnley,West Ham United,H,3.4,0.32747991299683493,0.29411764705882354,0.03336226593801139,86.52,A,LOST,-86.52,7236.06
2023-11-25,2023/24,Sheffield United,AFC Bournemouth,D,3.5,0.3193492161868343,0.2857142857142857,0.03363493047254862,85.18,A,LOST,-85.18,7150.88
2023-11-25,2023/24,Luton Town,Crystal Palace,H,3.6,0.5094675992951994,0.2777777777777778,0.23168982151742157,214.53,H,WON,446.21,7597.09
2023-12-06,2023/24,Manchester United,Chelsea,H,2.88,0.4177803864150995,0.3472222222222222,0.0705581641928773,205.29,H,WON,308.76,7905.85
2023-12-06,2023/24,Aston Villa,Manchester City,H,4.75,0.28962294163452235,0.21052631578947367,0.07909662584504867,198.02,H,WON,594.06,8499.91
2023-12-07,2023/24,Everton,Newcastle United,H,3.25,0.42959734455822923,0.3076923076923077,0.12190503686592152,255.0,H,WON,459.0,8958.91
2023-12-09,2023/24,Aston Villa,Arsenal,H,3.3,0.3519224865857946,0.30303030303030304,0.048892183555491575,157.12,H,WON,289.09,9248.0
2023-12-10,2023/24,Everton,Chelsea,H,3.1,0.3773657558112869,0.3225806451612903,0.05478511064999658,186.98,H,WON,314.12,9562.12
2023-12-15,2023/24,Nottingham Forest,Tottenham Hotspur,H,4.2,0.2940705752259265,0.23809523809523808,0.05597533713068842,175.63,A,LOST,-175.63,9386.5
2023-12-16,2023/24,Burnley,Everton,H,3.6,0.4185210717139292,0.2777777777777778,0.14074329393615143,281.59,A,LOST,-281.59,9104.9
2023-12-21,2023/24,Crystal Palace,Brighton & Hove Albion,H,3.3,0.396728615341529,0.30303030303030304,0.09369831231122594,273.15,D,LOST,-273.15,8831.76
2023-12-23,2023/24,Luton Town,Newcastle United,H,4.75,0.35894251835942864,0.21052631578947367,0.14841620256995497,264.95,H,WON,794.86,9626.61
2023-12-23,2023/24,Nottingham Forest,AFC Bournemouth,D,3.4,0.3420674757818689,0.29411764705882354,0.04794982872304537,163.48,A,LOST,-163.48,9463.13
2023-12-24,2023/24,Wolverhampton Wanderers,Chelsea,H,3.75,0.33434506355649285,0.26666666666666666,0.06767839688982619,218.34,H,WON,480.34,9943.47
2023-12-26,2023/24,Manchester United,Aston Villa,H,2.6,0.4842085225787771,0.3846153846153846,0.09959313796339253,298.3,H,WON,381.83,10325.3
2023-12-30,2023/24,Nottingham Forest,Manchester United,H,3.2,0.37976433477344046,0.3125,0.06726433477344046,252.55,H,WON,444.5,10769.79
2024-01-14,2023/24,Everton,Aston Villa,H,2.8,0.4128886475433334,0.35714285714285715,0.055745790400476225,233.48,D,LOST,-233.48,10536.32
2024-01-21,2023/24,Sheffield United,West Ham United,H,3.4,0.3612571887905042,0.29411764705882354,0.06713954173168069,250.54,D,LOST,-250.54,10285.78
2024-02-03,2023/24,Burnley,Fulham,H,2.9,0.39727191706353465,0.3448275862068966,0.05244433085663808,205.84,D,LOST,-205.84,10079.94
2024-02-05,2023/24,Brentford,Manchester City,D,4.75,0.3023503557546832,0.21052631578947367,0.09182403996520955,293.1,A,LOST,-293.1,9786.84
2024-02-10,2023/24,Nottingham Forest,Newcastle United,H,3.3,0.33324889042474876,0.30303030303030304,0.030218587394445717,106.08,A,LOST,-106.08,9680.76
2024-02-12,2023/24,Crystal Palace,Chelsea,H,4.2,0.3303658347024684,0.23809523809523808,0.0922705966072303,290.42,A,LOST,-290.42,9390.34
2024-02-18,2023/24,Luton Town,Manchester United,H,4.0,0.3280831576247896,0.25,0.07808315762478962,244.41,A,LOST,-244.41,9145.93
2024-03-02,2023/24,Luton Town,Aston Villa,H,4.33,0.31262935278376996,0.23094688221709006,0.0816824705666799,242.85,A,LOST,-242.85,8903.08
2024-03-03,2023/24,Burnley,AFC Bournemouth,D,3.6,0.32589728255765804,0.2777777777777778,0.04811950477988025,148.3,A,LOST,-148.3,8754.78
2024-03-10,2023/24,Liverpool,Manchester City,H,3.0,0.3636415604846679,0.3333333333333333,0.030308227151334577,99.5,D,LOST,-99.5,8655.28
2024-03-16,2023/24,Fulham,Tottenham Hotspur,H,3.5,0.3265486355286657,0.2857142857142857,0.04083434981438,123.7,H,WON,247.4,8902.68
2024-03-16,2023/24,Luton Town,Nottingham Forest,D,3.5,0.3227282859363814,0.2857142857142857,0.03701400022209572,115.33,D,WON,230.67,9133.35
2024-03-30,2023/24,Sheffield United,Fulham,H,4.5,0.2659472541797092,0.2222222222222222,0.043725031957487004,128.36,D,LOST,-128.36,9004.98
2024-04-02,2023/24,Newcastle United,Everton,D,3.75,0.30863359159052955,0.26666666666666666,0.04196692492386289,128.83,D,WON,283.43,9288.42
2024-04-06,2023/24,Brighton & Hove Albion,Arsenal,D,4.33,0.26230548377605306,0.23094688221709006,0.031358601558963,94.69,A,LOST,-94.69,9193.73
2024-04-06,2023/24,Luton Town,AFC Bournemouth,H,3.75,0.34639790296029505,0.26666666666666666,0.07973123629362838,249.9,H,WON,549.77,9743.5
2024-04-07,2023/24,Manchester United,Liverpool,H,4.75,0.30622656559567435,0.21052631578947367,0.09570024980620068,292.31,D,LOST,-292.31,9451.2
2024-04-28,2023/24,Tottenham Hotspur,Arsenal,H,4.2,0.2900445994475472,0.23809523809523808,0.0519493613523091,161.1,A,LOST,-161.1,9290.09
2024-05-03,2023/24,Luton Town,Everton,D,3.6,0.36125273004822267,0.2777777777777778,0.08347495227044488,268.44,D,WON,558.35,9848.44
2024-05-04,2023/24,Burnley,Newcastle United,H,3.4,0.3402137250958248,0.29411764705882354,0.046096078037001276,160.78,A,LOST,-160.78,9687.66
2024-05-04,2023/24,Sheffield United,Nottingham Forest,H,4.75,0.2597388549110004,0.21052631578947367,0.04921253912152673,150.97,A,LOST,-150.97,9536.69
2024-05-11,2023/24,Wolverhampton Wanderers,Crystal Palace,H,2.88,0.3835044807755235,0.3472222222222222,0.036282258553301305,132.52,A,LOST,-132.52,9404.17
2024-05-11,2023/24,Nottingham Forest,Chelsea,H,3.4,0.3370687481174109,0.29411764705882354,0.04295110105858735,143.05,A,LOST,-143.05,9261.12
2024-05-13,2023/24,Aston Villa,Liverpool,H,4.2,0.30148689983025023,0.23809523809523808,0.06339166173501215,192.63,D,LOST,-192.63,9068.48
2024-05-15,2023/24,Brighton & Hove Albion,Chelsea,H,3.3,0.36715634533337,0.30303030303030304,0.06412604230306695,208.59,A,LOST,-208.59,8859.89
2024-05-19,2023/24,Brentford,Newcastle United,H,2.9,0.397175997534573,0.3448275862068966,0.052348411327676425,176.98,A,LOST,-176.98,8682.92
2024-05-19,2023/24,Luton Town,Fulham,D,3.9,0.29510530117898537,0.25641025641025644,0.038695044768728926,112.96,A,LOST,-112.96,8569.96
2024-05-19,2023/24,Burnley,Nottingham Forest,H,3.0,0.3705519027392492,0.3333333333333333,0.03721856940591589,119.61,A,LOST,-119.61,8450.35
2024-08-18,2024/25,Chelsea,Manchester City,H,4.1,0.348621210008835,0.24390243902439027,0.10471877098444474,253.51,A,LOST,-253.51,8196.84
2024-08-19,2024/25,Leicester City,Tottenham Hotspur,H,5.0,0.33932770738620427,0.2,0.13932770738620426,245.91,D,LOST,-245.91,7950.93
2024-08-24,2024/25,Aston Villa,Arsenal,H,4.33,0.2896992489005297,0.23094688221709006,0.058752366683439666,151.85,A,LOST,-151.85,7799.08
2024-08-25,2024/25,Wolverhampton Wanderers,Chelsea,H,4.33,0.33447840064522477,0.23094688221709006,0.10353151842813471,233.97,A,LOST,-233.97,7565.1
2024-08-31,2024/25,Ipswich Town,Fulham,D,3.5,0.3181424340418377,0.2857142857142857,0.032428148327551976,85.86,D,WON,171.73,7736.83
2024-08-31,2024/25,Leicester City,Aston Villa,H,4.5,0.3514562545092887,0.2222222222222222,0.12923403228706648,232.1,A,LOST,-232.1,7504.72
2024-09-01,2024/25,Manchester United,Liverpool,H,3.7,0.35663199971868714,0.27027027027027023,0.08636172944841691,222.04,A,LOST,-222.04,7282.68
2024-09-14,2024/25,Southampton,Manchester United,H,4.5,0.35281024532640465,0.2222222222222222,0.13058802310418244,218.48,A,LOST,-218.48,7064.2
2024-09-21,2024/25,Fulham,Newcastle United,H,3.0,0.435496677551465,0.3333333333333333,0.10216334421813167,211.93,H,WON,339.08,7403.28
2024-09-21,2024/25,West Ham United,Chelsea,H,3.6,0.3188362286098149,0.2777777777777778,0.04105845083203713,105.22,A,LOST,-105.22,7298.06
2024-09-28,2024/25,Newcastle United,Manchester City,D,4.33,0.29751397586162104,0.23094688221709006,0.06656709364453098,157.93,D,WON,420.71,7718.78
2024-09-28,2024/25,Everton,Crystal Palace,H,2.7,0.40458423716500014,0.37037037037037035,0.03421386679462979,104.86,H,WON,142.61,7861.39
2024-09-29,2024/25,Ipswich Town,Aston Villa,H,4.0,0.31380703800497384,0.25,0.06380703800497384,167.2,D,LOST,-167.2,7694.18
2024-10-05,2024/25,Leicester City,AFC Bournemouth,H,3.1,0.4397789097737735,0.3225806451612903,0.11719826461248317,230.83,H,WON,387.79,8081.97
2024-10-19,2024/25,AFC Bournemouth,Arsenal,H,5.0,0.26490060578238456,0.2,0.06490060578238455,163.91,H,WON,524.52,8606.49
2024-10-25,2024/25,Leicester City,Nottingham Forest,H,3.0,0.3868327970082092,0.3333333333333333,0.0534994636748759,172.67,A,LOST,-172.67,8433.83
2024-10-26,2024/25,Everton,Fulham,H,2.75,0.41154896685272296,0.36363636363636365,0.04791260321635932,158.75,D,LOST,-158.75,8275.08
2024-11-09,2024/25,Brighton & Hove Albion,Manchester City,H,4.1,0.2981818657370956,0.24390243902439027,0.05427942671270533,148.51,H,WON,368.32,8643.39
2024-11-09,2024/25,Wolverhampton Wanderers,Southampton,D,3.75,0.30083577324847116,0.26666666666666666,0.0341691065818045,100.68,H,LOST,-100.68,8542.71
2024-11-09,2024/25,Crystal Palace,Fulham,H,2.7,0.4640148785442098,0.37037037037037035,0.09364450817383946,256.28,A,LOST,-256.28,8286.43
2024-11-10,2024/25,Chelsea,Arsenal,H,2.7,0.4067321391393243,0.37037037037037035,0.03636176876895397,119.64,D,LOST,-119.64,8166.79
2024-11-30,2024/25,Crystal Palace,Newcastle United,H,2.9,0.4061559842046243,0.3448275862068966,0.06132839799772771,191.12,D,LOST,-191.12,7975.68
2024-12-03,2024/25,Ipswich Town,Crystal Palace,H,3.0,0.3767871552589696,0.3333333333333333,0.04345382192563629,129.97,A,LOST,-129.97,7845.71
2024-12-04,2024/25,Newcastle United,Liverpool,H,4.2,0.3054287396436009,0.23809523809523808,0.06733350154836282,173.34,D,LOST,-173.34,7672.37
2024-12-04,2024/25,Arsenal,Manchester United,D,4.5,0.27294675605597063,0.2222222222222222,0.05072453383374842,125.09,H,LOST,-125.09,7547.28
2024-12-08,2024/25,Fulham,Arsenal,H,5.0,0.34654236271914013,0.2,0.14654236271914012,226.42,D,LOST,-226.42,7320.86
2024-12-08,2024/25,Ipswich Town,AFC Bournemouth,H,3.5,0.33810065056867894,0.2857142857142857,0.05238636485439324,134.23,A,LOST,-134.23,7186.63
2024-12-08,2024/25,Leicester City,Brighton & Hove Albion,H,4.5,0.31071259985985966,0.2222222222222222,0.08849037763763745,204.41,D,LOST,-204.41,6982.22
2024-12-14,2024/25,Nottingham Forest,Aston Villa,H,2.63,0.4448686102463222,0.3802281368821293,0.06464047336419287,182.06,H,WON,237.4,7219.62
2024-12-15,2024/25,Southampton,Tottenham Hotspur,D,4.5,0.2830922220262317,0.2222222222222222,0.06086999980400948,141.25,A,LOST,-141.25,7078.36
2024-12-21,2024/25,Aston Villa,Manchester City,H,3.25,0.40368964141677166,0.3076923076923077,0.09599733372446395,212.35,H,WON,382.23,7460.6
2024-12-22,2024/25,Everton,Chelsea,H,5.0,0.29860717828177447,0.2,0.09860717828177445,223.82,D,LOST,-223.82,7236.78
2024-12-22,2024/25,Tottenham Hotspur,Liverpool,H,4.5,0.27455048507263796,0.2222222222222222,0.05232826285041575,121.72,A,LOST,-121.72,7115.06
2024-12-29,2024/25,West Ham United,Liverpool,D,5.0,0.2862066589970215,0.2,0.08620665899702151,191.68,A,LOST,-191.68,6923.38
2025-01-04,2024/25,Tottenham Hotspur,Newcastle United,D,3.8,0.2945021023301739,0.2631578947368421,0.031344207593331785,73.63,A,LOST,-73.63,6849.75
2025-01-04,2024/25,Crystal Palace,Chelsea,H,3.8,0.34380001266001997,0.2631578947368421,0.08064211792317788,187.41,D,LOST,-187.41,6662.34
2025-01-04,2024/25,Brighton & Hove Albion,Arsenal,H,4.33,0.33174243282088556,0.23094688221709006,0.1007955506037955,199.87,D,LOST,-199.87,6462.47
2025-01-14,2024/25,Brentford,Manchester City,H,4.75,0.27834281205328965,0.21052631578947367,0.06781649626381597,138.78,D,LOST,-138.78,6323.69
2025-01-15,2024/25,Leicester City,Crystal Palace,H,3.9,0.3967323351463414,0.25641025641025644,0.14032207873608493,189.71,A,LOST,-189.71,6133.98
2025-01-16,2024/25,Ipswich Town,Brighton & Hove Albion,H,3.9,0.3952580060451758,0.25641025641025644,0.13884774963491936,184.02,A,LOST,-184.02,5949.96
2025-01-18,2024/25,Leicester City,Fulham,H,4.33,0.32228305683688874,0.23094688221709006,0.09133617461979868,176.66,A,LOST,-176.66,5773.3
2025-02-01,2024/25,AFC Bournemouth,Liverpool,H,4.5,0.2885622986094302,0.2222222222222222,0.06634007638720801,123.11,A,LOST,-123.11,5650.19
2025-02-02,2024/25,Arsenal,Manchester City,D,3.5,0.31948957921483817,0.2857142857142857,0.03377529350055247,66.79,H,LOST,-66.79,5583.39
2025-02-14,2024/25,Brighton & Hove Albion,Chelsea,H,2.7,0.5109015778820236,0.37037037037037035,0.14053120751165327,167.5,H,WON,227.8,5811.2
2025-02-15,2024/25,Southampton,AFC Bournemouth,D,4.5,0.2551268774280511,0.2222222222222222,0.032904655205828914,61.46,A,LOST,-61.46,5749.74
2025-02-19,2024/25,Aston Villa,Liverpool,D,4.0,0.30885627604085986,0.25,0.058856276040859856,112.8,D,WON,270.73,6020.46
2025-02-21,2024/25,Leicester City,Brentford,H,3.6,0.36314851625937344,0.2777777777777778,0.08537073848159565,177.91,A,LOST,-177.91,5842.55
2025-02-22,2024/25,Everton,Manchester United,H,2.5,0.455906819779025,0.4,0.05590681977902495,136.1,D,LOST,-136.1,5706.45
2025-02-22,2024/25,Ipswich Town,Tottenham Hotspur,H,4.1,0.28165648571099317,0.24390243902439027,0.0377540466866029,71.23,A,LOST,-71.23,5635.21
2025-02-25,2024/25,Brighton & Hove Albion,AFC Bournemouth,D,3.8,0.33031146373809983,0.2631578947368421,0.06715356900125774,128.39,H,LOST,-128.39,5506.82
2025-02-25,2024/25,Wolverhampton Wanderers,Fulham,H,2.63,0.42030371212374723,0.3802281368821293,0.04007557524161792,89.02,A,LOST,-89.02,5417.8
2025-02-26,2024/25,Tottenham Hotspur,Manchester City,D,4.0,0.3022520620186277,0.25,0.0522520620186277,94.36,A,LOST,-94.36,5323.44
2025-02-26,2024/25,Nottingham Forest,Arsenal,H,3.9,0.3577009420624093,0.25641025641025644,0.10129068565215288,159.7,D,LOST,-159.7,5163.73
2025-03-08,2024/25,Wolverhampton Wanderers,Everton,H,2.6,0.41528503309476567,0.3846153846153846,0.030669648479381084,64.34,D,LOST,-64.34,5099.4
2025-03-08,2024/25,Nottingham Forest,Manchester City,H,4.0,0.34453658525634606,0.25,0.09453658525634606,152.98,H,WON,367.16,5466.55
2025-03-09,2024/25,Tottenham Hotspur,AFC Bournemouth,H,2.7,0.41613837619298827,0.37037037037037035,0.04576800582261792,99.34,D,LOST,-99.34,5367.21
2025-03-10,2024/25,West Ham United,Newcastle United,H,3.25,0.44618599552440524,0.3076923076923077,0.13849368783209753,161.02,A,LOST,-161.02,5206.19
2025-03-16,2024/25,Leicester City,Manchester United,H,4.5,0.2623821414447882,0.2222222222222222,0.04015991922256601,67.2,A,LOST,-67.2,5138.99
2025-04-01,2024/25,Wolverhampton Wanderers,West Ham United,H,2.5,0.5000762039242563,0.4,0.10007620392425631,154.17,H,WON,185.0,5323.99
2025-04-02,2024/25,Newcastle United,Brentford,D,4.5,0.2575146403240878,0.2222222222222222,0.035292418101865564,60.4,H,LOST,-60.4,5263.6
2025-04-05,2024/25,West Ham United,AFC Bournemouth,D,3.5,0.3223836370491393,0.2857142857142857,0.036669351334853606,67.55,D,WON,135.11,5398.71
2025-04-06,2024/25,Fulham,Liverpool,H,4.5,0.37656109011893607,0.2222222222222222,0.15433886789671386,161.96,H,WON,453.49,5852.2
2025-04-19,2024/25,Everton,Manchester City,H,3.7,0.3053667692784899,0.27027027027027023,0.03509649900821965,70.37,A,LOST,-70.37,5781.83
2025-05-04,2024/25,Brighton & Hove Albion,Newcastle United,D,3.7,0.3173518211672141,0.27027027027027023,0.04708155089694388,93.26,D,WON,201.44,5983.27
2025-05-10,2024/25,Ipswich Town,Brentford,D,4.0,0.3437281021319021,0.25,0.09372810213190208,179.5,A,LOST,-179.5,5803.78
2025-05-25,2024/25,Fulham,Manchester City,H,5.0,0.31138498796046293,0.2,0.11138498796046292,174.11,A,LOST,-174.11,5629.66
2025-05-25,2024/25,Manchester United,Aston Villa,H,4.33,0.3683975204042194,0.23094688221709006,0.13745063818712935,168.89,H,WON,449.92,6079.59
2025-05-25,2024/25,Tottenham Hotspur,Brighton & Hove Albion,H,4.2,0.43180674931402496,0.23809523809523808,0.19371151121878688,182.39,A,LOST,-182.39,5897.2
