date,season,home_team,away_team,bet_outcome,odds,model_prob,implied_prob,edge,stake,actual_result,result,net,bankroll_after
2023-08-11,2023/24,Burnley,Manchester City,H,8.0,0.22467856071970557,0.125,0.7974284857576446,284.8,A,LOST,-284.8,9715.2
2023-08-12,2023/24,Arsenal,Nottingham Forest,A,15.0,0.2058267363640851,0.06666666666666667,2.087401045461277,291.46,H,LOST,-291.46,9423.75
2023-08-12,2023/24,Brighton & Hove Albion,Luton Town,A,9.0,0.20851500031556283,0.1111111111111111,0.8766350028400656,258.16,H,LOST,-258.16,9165.59
2023-08-12,2023/24,Everton,Fulham,A,3.3,0.3579424341826943,0.30303030303030304,0.18121003280289108,180.53,A,WON,332.18,9497.77
2023-08-12,2023/24,Newcastle United,Aston Villa,A,4.6,0.2705756419650817,0.2173913043478261,0.24464795303937575,161.36,H,LOST,-161.36,9336.4
2023-08-13,2023/24,Chelsea,Liverpool,H,2.9,0.39553603788652536,0.3448275862068966,0.14705450987092347,180.65,D,LOST,-180.65,9155.75
2023-08-14,2023/24,Manchester United,Wolverhampton Wanderers,A,9.0,0.21377575294925769,0.1111111111111111,0.9239817765433193,264.37,H,LOST,-264.37,8891.38
2023-08-18,2023/24,Nottingham Forest,Sheffield United,A,4.0,0.3080453874006854,0.25,0.2321815496027415,172.03,H,LOST,-172.03,8719.35
2023-08-19,2023/24,Manchester City,Newcastle United,A,5.0,0.29146665923310605,0.2,0.4573332961655302,249.23,H,LOST,-249.23,8470.12
2023-08-19,2023/24,Fulham,Brentford,H,2.7,0.4106488391910897,0.37037037037037035,0.10875186581594222,135.46,A,LOST,-135.46,8334.66
2023-08-19,2023/24,Liverpool,AFC Bournemouth,A,13.0,0.2085757789803296,0.07692307692307693,1.7114851267442848,250.04,H,LOST,-250.04,8084.62
2023-08-19,2023/24,Wolverhampton Wanderers,Brighton & Hove Albion,H,4.0,0.36252830079802023,0.25,0.4501132031920809,242.54,A,LOST,-242.54,7842.08
2023-08-20,2023/24,West Ham United,Chelsea,H,3.75,0.3724664617948887,0.26666666666666666,0.3967492317308326,235.26,H,WON,517.58,8359.66
2023-08-21,2023/24,Crystal Palace,Arsenal,H,5.5,0.2994419193718331,0.18181818181818182,0.6469305565450821,250.79,A,LOST,-250.79,8108.87
2023-08-25,2023/24,Chelsea,Luton Town,A,11.0,0.2223120855573971,0.09090909090909091,1.445432941131368,243.27,H,LOST,-243.27,7865.6
2023-08-26,2023/24,AFC Bournemouth,Tottenham Hotspur,H,3.8,0.3034722343136839,0.2631578947368421,0.15319449039199895,107.59,A,LOST,-107.59,7758.02
2023-08-26,2023/24,Arsenal,Fulham,A,13.0,0.22781039760760893,0.07692307692307693,1.961535168898916,232.74,D,LOST,-232.74,7525.28
2023-08-26,2023/24,Manchester United,Nottingham Forest,A,8.0,0.20788471621765311,0.125,0.6630777297412249,178.21,H,LOST,-178.21,7347.07
2023-08-26,2023/24,Brighton & Hove Albion,West Ham United,A,5.25,0.2461516868367739,0.19047619047619047,0.2922963558930631,126.32,A,WON,429.5,7776.57
2023-08-27,2023/24,Burnley,Aston Villa,H,3.4,0.344706000693547,0.29411764705882354,0.1720004023580598,139.33,A,LOST,-139.33,7637.24
2023-08-27,2023/24,Sheffield United,Manchester City,H,13.0,0.21432073272980245,0.07692307692307693,1.7861695254874317,229.12,A,LOST,-229.12,7408.12
2023-09-01,2023/24,Luton Town,West Ham United,H,4.75,0.30308451478151327,0.21052631578947367,0.43965144521218813,217.13,A,LOST,-217.13,7190.99
2023-09-02,2023/24,Brighton & Hove Albion,Newcastle United,A,2.55,0.5083174632570159,0.3921568627450981,0.29620953130539035,215.73,H,LOST,-215.73,6975.26
2023-09-02,2023/24,Manchester City,Fulham,A,15.0,0.20075844148949804,0.06666666666666667,2.0113766223424703,209.26,H,LOST,-209.26,6766.0
2023-09-02,2023/24,Chelsea,Nottingham Forest,A,8.5,0.21781173004409551,0.11764705882352941,0.8513997053748119,192.02,A,WON,1152.11,7918.12
2023-09-02,2023/24,Sheffield United,Everton,A,2.5,0.4525236256645037,0.4,0.13130906416125923,173.29,D,LOST,-173.29,7744.83
2023-09-02,2023/24,Brentford,AFC Bournemouth,A,4.75,0.2985028347050978,0.21052631578947367,0.41788846484921466,215.77,D,LOST,-215.77,7529.07
2023-09-03,2023/24,Crystal Palace,Wolverhampton Wanderers,A,4.33,0.2780826230315912,0.23094688221709006,0.20409775772678995,115.37,H,LOST,-115.37,7413.7
2023-09-03,2023/24,Liverpool,Aston Villa,A,4.5,0.2720677987929196,0.2222222222222222,0.2243050945681382,118.78,H,LOST,-118.78,7294.92
2023-09-16,2023/24,Tottenham Hotspur,Sheffield United,A,11.0,0.21355112927809392,0.09090909090909091,1.349062422059033,218.85,H,LOST,-218.85,7076.07
2023-09-16,2023/24,West Ham United,Manchester City,H,7.0,0.24338480627927794,0.14285714285714285,0.7036936439549457,207.47,A,LOST,-207.47,6868.6
2023-09-16,2023/24,Newcastle United,Brentford,A,6.0,0.22587658013418951,0.16666666666666666,0.35525948080513714,122.01,H,LOST,-122.01,6746.59
2023-09-16,2023/24,Aston Villa,Crystal Palace,A,4.0,0.3623507663209648,0.25,0.4494030652838592,202.4,H,LOST,-202.4,6544.19
2023-09-16,2023/24,Wolverhampton Wanderers,Liverpool,H,6.0,0.2705428934887879,0.16666666666666666,0.6232573609327275,196.33,A,LOST,-196.33,6347.87
2023-09-16,2023/24,Fulham,Luton Town,A,5.5,0.21958608840199864,0.18181818181818182,0.2077234862109925,73.26,H,LOST,-73.26,6274.61
2023-09-17,2023/24,AFC Bournemouth,Chelsea,H,4.33,0.3151651198147516,0.23094688221709006,0.36466496879787447,171.78,D,LOST,-171.78,6102.83
2023-09-17,2023/24,Everton,Arsenal,H,6.0,0.26409803599015585,0.16666666666666666,0.5845882159409352,178.38,A,LOST,-178.38,5924.45
2023-09-18,2023/24,Nottingham Forest,Burnley,H,2.2,0.5048360777041919,0.45454545454545453,0.11063937094922226,136.56,D,LOST,-136.56,5787.89
2023-09-23,2023/24,Manchester City,Nottingham Forest,A,15.0,0.19919601099343065,0.06666666666666667,1.98794016490146,173.64,H,LOST,-173.64,5614.25
2023-09-24,2023/24,Sheffield United,Newcastle United,H,7.0,0.24256372634939738,0.14285714285714285,0.6979460844457818,163.27,A,LOST,-163.27,5450.98
2023-09-24,2023/24,Liverpool,West Ham United,A,7.0,0.20256362977983888,0.14285714285714285,0.41794540845887224,94.93,H,LOST,-94.93,5356.06
2023-09-24,2023/24,Brighton & Hove Albion,AFC Bournemouth,A,7.5,0.2836514977724076,0.13333333333333333,1.127386233293057,160.68,H,LOST,-160.68,5195.38
2023-09-30,2023/24,Wolverhampton Wanderers,Manchester City,H,8.0,0.2200768402779496,0.125,0.7606147222235968,141.13,H,WON,790.34,5985.71
2023-09-30,2023/24,Aston Villa,Brighton & Hove Albion,A,2.55,0.43358784603460476,0.3921568627450981,0.105649007388242,102.0,H,LOST,-102.0,5883.72
2023-09-30,2023/24,AFC Bournemouth,Arsenal,H,5.5,0.2601434366074788,0.18181818181818182,0.43078890134113335,140.81,A,LOST,-140.81,5742.9
2023-09-30,2023/24,Everton,Luton Town,A,6.5,0.2715575573091769,0.15384615384615385,0.7651241225096498,172.29,A,WON,758.06,6500.97
2023-09-30,2023/24,Manchester United,Crystal Palace,A,5.75,0.25401387844273726,0.17391304347826086,0.4605798010457393,157.59,A,WON,598.84,7099.81
2023-09-30,2023/24,Newcastle United,Burnley,A,9.0,0.23239805793327864,0.1111111111111111,1.0915825213995078,212.99,H,LOST,-212.99,6886.81
2023-09-30,2023/24,West Ham United,Sheffield United,A,7.0,0.21648643719178293,0.14285714285714285,0.5154050603424806,147.9,H,LOST,-147.9,6738.92
2023-10-01,2023/24,Nottingham Forest,Brentford,H,2.75,0.4479851903528797,0.36363636363636365,0.23195927347041914,202.17,D,LOST,-202.17,6536.75
2023-10-02,2023/24,Fulham,Chelsea,H,3.6,0.3489127639491449,0.2777777777777778,0.25608595021692154,160.96,A,LOST,-160.96,6375.79
2023-10-03,2023/24,Luton Town,Burnley,H,2.9,0.40876544714902524,0.3448275862068966,0.18541979673217313,155.55,A,LOST,-155.55,6220.24
2023-10-07,2023/24,Luton Town,Tottenham Hotspur,H,6.0,0.24136339323138592,0.16666666666666666,0.4481803593883156,139.39,A,LOST,-139.39,6080.85
2023-10-07,2023/24,Everton,AFC Bournemouth,A,3.8,0.3146451742843858,0.2631578947368421,0.1956516622806662,106.23,H,LOST,-106.23,5974.62
2023-10-07,2023/24,Fulham,Sheffield United,A,6.0,0.2507359297876002,0.16666666666666666,0.5044155787256012,150.68,H,LOST,-150.68,5823.94
2023-10-07,2023/24,Crystal Palace,Nottingham Forest,A,3.6,0.3484453497792626,0.2777777777777778,0.25440325920534534,142.46,D,LOST,-142.46,5681.48
2023-10-08,2023/24,Wolverhampton Wanderers,Aston Villa,H,3.5,0.3728239378404424,0.2857142857142857,0.3048837824415484,170.44,D,LOST,-170.44,5511.03
2023-10-21,2023/24,Newcastle United,Crystal Palace,A,7.0,0.21714774449988003,0.14285714285714285,0.5200342114991603,119.41,H,LOST,-119.41,5391.62
2023-10-21,2023/24,Sheffield United,Manchester United,H,6.5,0.2571120623817687,0.15384615384615385,0.6712284054814964,161.75,A,LOST,-161.75,5229.87
2023-10-21,2023/24,Nottingham Forest,Luton Town,A,5.5,0.21562549008251655,0.18181818181818182,0.185940195453841,54.02,D,LOST,-54.02,5175.84
2023-10-21,2023/24,Chelsea,Arsenal,H,3.2,0.3502800123414405,0.3125,0.12089603949260966,71.11,D,LOST,-71.11,5104.74
2023-10-21,2023/24,Liverpool,Everton,A,7.5,0.20541173366367613,0.13333333333333333,0.540588002477571,106.14,H,LOST,-106.14,4998.6
2023-10-21,2023/24,Manchester City,Brighton & Hove Albion,A,6.5,0.21982258906462518,0.15384615384615385,0.4288468289200636,97.44,H,LOST,-97.44,4901.16
2023-10-22,2023/24,Aston Villa,West Ham United,A,4.0,0.3399133810343669,0.25,0.35965352413746765,146.89,H,LOST,-146.89,4754.27
2023-10-23,2023/24,Tottenham Hotspur,Fulham,A,6.0,0.22444492500019866,0.16666666666666666,0.34666955000119204,82.41,H,LOST,-82.41,4671.86
2023-10-27,2023/24,Crystal Palace,Tottenham Hotspur,H,4.5,0.3272418635988339,0.2222222222222222,0.4725883861947526,140.16,A,LOST,-140.16,4531.71
2023-10-28,2023/24,Wolverhampton Wanderers,Newcastle United,H,4.2,0.29663436271575105,0.23809523809523808,0.2458643234061545,87.05,D,LOST,-87.05,4444.66
2023-10-28,2023/24,AFC Bournemouth,Burnley,A,3.3,0.4009580756941638,0.30303030303030304,0.3231616497907405,133.34,H,LOST,-133.34,4311.32
2023-10-28,2023/24,Chelsea,Brentford,A,5.25,0.24603257484408725,0.19047619047619047,0.2916710179314581,73.97,A,WON,251.5,4562.82
2023-10-28,2023/24,Arsenal,Sheffield United,A,19.0,0.20947234356676303,0.05263157894736842,2.9799745277684977,136.88,H,LOST,-136.88,4425.93
2023-10-29,2023/24,Brighton & Hove Albion,Fulham,A,5.5,0.2516523133857634,0.18181818181818182,0.3840877236216986,94.44,D,LOST,-94.44,4331.49
2023-10-29,2023/24,Manchester United,Manchester City,H,5.0,0.2584258813390601,0.2,0.29212940669530035,79.08,A,LOST,-79.08,4252.41
2023-10-29,2023/24,Aston Villa,Luton Town,A,9.5,0.2339922457558342,0.10526315789473684,1.2229263346804249,127.57,H,LOST,-127.57,4124.83
2023-10-29,2023/24,Liverpool,Nottingham Forest,A,11.0,0.22286691090111613,0.09090909090909091,1.4515360199122773,123.75,H,LOST,-123.75,4001.09
2023-11-04,2023/24,Burnley,Crystal Palace,A,2.6,0.4561530639553997,0.3846153846153846,0.18599796628403925,116.28,A,WON,148.84,4149.93
2023-11-04,2023/24,Newcastle United,Arsenal,A,2.6,0.4596715241125178,0.3846153846153846,0.19514596269254644,124.5,H,LOST,-124.5,4025.43
2023-11-04,2023/24,Sheffield United,Wolverhampton Wanderers,D,3.5,0.3658495805704916,0.2857142857142857,0.2804735319967207,112.9,H,LOST,-112.9,3912.53
2023-11-04,2023/24,Manchester City,AFC Bournemouth,A,19.0,0.2726310802507599,0.05263157894736842,4.179990524764438,117.38,H,LOST,-117.38,3795.15
2023-11-04,2023/24,Fulham,Manchester United,A,2.2,0.5144120644495003,0.45454545454545453,0.13170654178890065,104.13,A,WON,99.97,3895.12
2023-11-04,2023/24,Everton,Brighton & Hove Albion,H,3.1,0.40899738532137336,0.3225806451612903,0.26789189449625744,116.85,D,LOST,-116.85,3778.27
2023-11-05,2023/24,Luton Town,Liverpool,H,12.0,0.23469500462570936,0.08333333333333333,1.8163400555085125,113.35,D,LOST,-113.35,3664.92
2023-11-05,2023/24,Nottingham Forest,Aston Villa,D,3.75,0.3254410903723581,0.26666666666666666,0.2204040888963428,73.43,H,LOST,-73.43,3591.49
2023-11-11,2023/24,AFC Bournemouth,Newcastle United,H,4.75,0.3327315418013798,0.21052631578947367,0.5804748235565542,107.74,H,WON,323.23,3914.72
2023-11-11,2023/24,Arsenal,Burnley,A,17.0,0.24535431072645264,0.058823529411764705,3.1710232823496947,117.44,H,LOST,-117.44,3797.28
2023-11-11,2023/24,Wolverhampton Wanderers,Tottenham Hotspur,H,3.1,0.4115544241227526,0.3225806451612903,0.27581871478053316,113.92,H,WON,191.38,3988.66
2023-11-11,2023/24,Manchester United,Luton Town,A,9.5,0.2129922653839255,0.10526315789473684,1.0234265211472922,119.66,H,LOST,-119.66,3869.0
2023-11-12,2023/24,Aston Villa,Fulham,A,5.5,0.2882765787307349,0.18181818181818182,0.585521183019042,116.07,H,LOST,-116.07,3752.93
2023-11-12,2023/24,Brighton & Hove Albion,Sheffield United,A,13.0,0.22867606303494128,0.07692307692307693,1.9727888194542365,112.59,D,LOST,-112.59,3640.34
2023-11-12,2023/24,Liverpool,Brentford,A,6.5,0.24500126472647266,0.15384615384615385,0.5925082207220722,98.04,H,LOST,-98.04,3542.3
2023-11-12,2023/24,West Ham United,Nottingham Forest,A,4.0,0.35827264684369714,0.25,0.43309058737478856,106.27,H,LOST,-106.27,3436.03
2023-11-12,2023/24,Chelsea,Manchester City,H,5.0,0.25868065483932606,0.2,0.29340327419663026,63.01,D,LOST,-63.01,3373.02
2023-11-25,2023/24,Brentford,Arsenal,H,4.5,0.29217615840208233,0.2222222222222222,0.31479271280937055,75.84,A,LOST,-75.84,3297.18
2023-11-25,2023/24,Burnley,West Ham United,H,3.4,0.32747991299683493,0.29411764705882354,0.11343170418923873,38.96,A,LOST,-38.96,3258.22
2023-11-25,2023/24,Sheffield United,AFC Bournemouth,D,3.5,0.3193492161868343,0.2857142857142857,0.11772225665392017,38.36,A,LOST,-38.36,3219.87
2023-11-25,2023/24,Luton Town,Crystal Palace,H,3.6,0.5094675992951994,0.2777777777777778,0.8340833574627176,96.6,H,WON,200.92,3420.78
2023-11-27,2023/24,Fulham,Wolverhampton Wanderers,H,2.38,0.5069705668989967,0.42016806722689076,0.20658994921961205,102.62,H,WON,113.3,3534.08
2023-12-02,2023/24,Burnley,Sheffield United,A,4.5,0.3148062523637629,0.2222222222222222,0.4166281356369332,105.17,H,LOST,-105.17,3428.91
2023-12-02,2023/24,Arsenal,Wolverhampton Wanderers,A,12.0,0.20705878622853469,0.08333333333333333,1.4847054347424165,102.87,H,LOST,-102.87,3326.04
2023-12-02,2023/24,Brentford,Luton Town,A,6.5,0.22446510220423696,0.15384615384615385,0.45902316432754015,69.4,H,LOST,-69.4,3256.65
2023-12-03,2023/24,Manchester City,Tottenham Hotspur,A,9.0,0.21476351644529856,0.1111111111111111,0.9328716480076872,94.94,D,LOST,-94.94,3161.71
2023-12-03,2023/24,Liverpool,Fulham,A,9.0,0.2632256596150507,0.1111111111111111,1.3690309365354563,94.85,H,LOST,-94.85,3066.86
2023-12-05,2023/24,Luton Town,Arsenal,H,17.0,0.22765888444410662,0.058823529411764705,2.8702010355498127,92.01,A,LOST,-92.01,2974.85
2023-12-05,2023/24,Wolverhampton Wanderers,Burnley,A,4.2,0.26532330562515943,0.23809523809523808,0.11435788362566968,26.58,H,LOST,-26.58,2948.27
2023-12-06,2023/24,Manchester United,Chelsea,H,2.88,0.4177803864150995,0.3472222222222222,0.20320751287548663,79.67,H,WON,119.82,3068.09
2023-12-06,2023/24,Crystal Palace,AFC Bournemouth,H,2.25,0.5042977665060407,0.4444444444444444,0.13466997463859173,82.64,A,LOST,-82.64,2985.46
2023-12-06,2023/24,Fulham,Nottingham Forest,A,3.75,0.31395698146315415,0.26666666666666666,0.17733868048682808,48.13,H,LOST,-48.13,2937.33
2023-12-06,2023/24,Sheffield United,Liverpool,H,12.0,0.227548784835198,0.08333333333333333,1.7305854180223759,88.12,A,LOST,-88.12,2849.21
2023-12-06,2023/24,Aston Villa,Manchester City,H,4.75,0.28962294163452235,0.21052631578947367,0.37570897276398124,71.36,H,WON,214.09,3063.3
2023-12-07,2023/24,Everton,Newcastle United,H,3.25,0.42959734455822923,0.3076923076923077,0.3961913698142449,91.9,H,WON,165.42,3228.72
2023-12-09,2023/24,Wolverhampton Wanderers,Nottingham Forest,A,4.33,0.29037511845503494,0.23094688221709006,0.25732426291030136,62.37,D,LOST,-62.37,3166.35
2023-12-09,2023/24,Aston Villa,Arsenal,H,3.3,0.3519224865857946,0.30303030303030304,0.1613442057331222,55.53,H,WON,102.17,3268.52
2023-12-09,2023/24,Brighton & Hove Albion,Burnley,A,6.0,0.20665139833827562,0.16666666666666666,0.23990839002965375,39.21,D,LOST,-39.21,3229.31
2023-12-09,2023/24,Crystal Palace,Liverpool,H,6.0,0.265780945898018,0.16666666666666666,0.594685675388108,96.02,A,LOST,-96.02,3133.29
2023-12-09,2023/24,Manchester United,AFC Bournemouth,A,5.75,0.23805053170541143,0.17391304347826086,0.36879055730611576,60.82,A,WON,231.11,3364.4
2023-12-10,2023/24,Luton Town,Manchester City,H,17.0,0.2528595028144687,0.058823529411764705,3.2986115478459674,100.93,A,LOST,-100.93,3263.47
2023-12-10,2023/24,Everton,Chelsea,H,3.1,0.3773657558112869,0.3225806451612903,0.1698338430149894,65.98,H,WON,110.85,3374.32
2023-12-15,2023/24,Nottingham Forest,Tottenham Hotspur,H,4.2,0.2940705752259265,0.23809523809523808,0.23509641594889136,61.98,A,LOST,-61.98,3312.34
2023-12-16,2023/24,Chelsea,Sheffield United,A,13.0,0.22127327636835015,0.07692307692307693,1.8765525927885518,99.37,H,LOST,-99.37,3212.97
2023-12-16,2023/24,Manchester City,Crystal Palace,A,13.0,0.21285443120646594,0.07692307692307693,1.7671076056840571,96.39,D,LOST,-96.39,3116.58
2023-12-16,2023/24,Newcastle United,Fulham,A,4.0,0.3161648404320884,0.25,0.2646593617283537,68.74,H,LOST,-68.74,3047.84
2023-12-16,2023/24,Burnley,Everton,H,3.6,0.4185210717139292,0.2777777777777778,0.5066758581701452,91.44,A,LOST,-91.44,2956.41
2023-12-17,2023/24,Arsenal,Brighton & Hove Albion,A,6.0,0.25898270447347654,0.16666666666666666,0.5538962268408594,81.88,H,LOST,-81.88,2874.53
2023-12-17,2023/24,Liverpool,Manchester United,A,8.0,0.23623420316649,0.125,0.8898736253319199,86.24,D,LOST,-86.24,2788.3
2023-12-21,2023/24,Crystal Palace,Brighton & Hove Albion,H,3.3,0.396728615341529,0.30303030303030304,0.3092044306270456,83.65,D,LOST,-83.65,2704.65
2023-12-22,2023/24,Aston Villa,Sheffield United,A,12.0,0.21197076264958079,0.08333333333333333,1.5436491517949693,81.14,D,LOST,-81.14,2623.51
2023-12-23,2023/24,Fulham,Burnley,A,5.25,0.26905338624001995,0.19047619047619047,0.4125302777601048,63.66,A,WON,216.46,2839.96
2023-12-23,2023/24,Luton Town,Newcastle United,H,4.75,0.35894251835942864,0.21052631578947367,0.7049769622072861,85.2,H,WON,255.6,3095.56
2023-12-23,2023/24,Nottingham Forest,AFC Bournemouth,D,3.4,0.3420674757818689,0.29411764705882354,0.16302941765835427,52.57,A,LOST,-52.57,3042.99
2023-12-23,2023/24,Tottenham Hotspur,Everton,A,4.0,0.3607314934456336,0.25,0.4429259737825344,91.29,H,LOST,-91.29,2951.7
2023-12-24,2023/24,Wolverhampton Wanderers,Chelsea,H,3.75,0.33434506355649285,0.26666666666666666,0.2537939883368482,68.1,H,WON,149.82,3101.53
2023-12-26,2023/24,Burnley,Liverpool,H,6.5,0.26900086609904195,0.15384615384615385,0.7485056296437725,93.05,A,LOST,-93.05,3008.48
2023-12-26,2023/24,Manchester United,Aston Villa,H,2.6,0.4842085225787771,0.3846153846153846,0.2589421587048206,90.25,H,WON,115.53,3124.01
2023-12-26,2023/24,Newcastle United,Nottingham Forest,A,5.75,0.23476787690393927,0.17391304347826086,0.34991529219765083,57.53,A,WON,218.63,3342.63
2023-12-26,2023/24,AFC Bournemouth,Fulham,A,3.2,0.3515145312392616,0.3125,0.12484649996563704,47.42,H,LOST,-47.42,3295.21
2023-12-27,2023/24,Chelsea,Crystal Palace,A,5.0,0.22911624543024275,0.2,0.14558122715121372,29.98,H,LOST,-29.98,3265.23
2023-12-27,2023/24,Brentford,Wolverhampton Wanderers,A,4.2,0.27517061220172534,0.23809523809523808,0.1557165712472465,39.72,A,WON,101.69,3366.92
2023-12-27,2023/24,Everton,Manchester City,H,5.75,0.28080496641890546,0.17391304347826086,0.6146285569087064,101.01,A,LOST,-101.01,3265.91
2023-12-28,2023/24,Arsenal,West Ham United,A,7.5,0.21581596736616107,0.13333333333333333,0.618619755246208,77.71,A,WON,404.07,3669.98
2023-12-30,2023/24,Luton Town,Chelsea,H,6.5,0.24440382250886708,0.15384615384615385,0.5886248463076359,98.19,A,LOST,-98.19,3571.79
2023-12-30,2023/24,Aston Villa,Burnley,A,7.5,0.2246724758120695,0.13333333333333333,0.6850435685905213,94.11,H,LOST,-94.11,3477.68
2023-12-30,2023/24,Manchester City,Sheffield United,A,29.0,0.24078119875897852,0.034482758620689655,5.982654764010377,104.33,H,LOST,-104.33,3373.35
2023-12-30,2023/24,Nottingham Forest,Manchester United,H,3.2,0.37976433477344046,0.3125,0.21524587127500946,82.51,H,WON,145.22,3518.57
2023-12-31,2023/24,Fulham,Arsenal,H,5.25,0.27538873267803576,0.19047619047619047,0.4457908465596878,92.27,H,WON,313.71,3832.28
2024-01-01,2023/24,Liverpool,Newcastle United,A,7.0,0.24867397188970408,0.14285714285714285,0.7407178032279287,114.97,H,LOST,-114.97,3717.31
2024-01-13,2023/24,Newcastle United,Manchester City,H,5.5,0.3685300594640937,0.18181818181818182,1.026915327052515,111.52,A,LOST,-111.52,3605.79
2024-01-13,2023/24,Chelsea,Fulham,A,5.25,0.28393456129202616,0.19047619047619047,0.4906564467831374,104.07,H,LOST,-104.07,3501.72
2024-01-14,2023/24,Everton,Aston Villa,H,2.8,0.4128886475433334,0.35714285714285715,0.15608821312133342,75.91,D,LOST,-75.91,3425.81
2024-01-20,2023/24,Arsenal,Crystal Palace,A,9.0,0.20941445478033163,0.1111111111111111,0.8847300930229848,94.72,H,LOST,-94.72,3331.09
2024-01-21,2023/24,Sheffield United,West Ham United,H,3.4,0.3612571887905042,0.29411764705882354,0.2282744418877143,79.21,D,LOST,-79.21,3251.88
2024-01-22,2023/24,Brighton & Hove Albion,Wolverhampton Wanderers,A,5.0,0.2703073929619482,0.2,0.35153696480974106,71.45,D,LOST,-71.45,3180.43
2024-01-30,2023/24,Crystal Palace,Sheffield United,A,6.5,0.25151045853843673,0.15384615384615385,0.6348179804998386,91.77,H,LOST,-91.77,3088.66
2024-01-30,2023/24,Nottingham Forest,Arsenal,H,7.5,0.24327125507496347,0.13333333333333333,0.8245344130622261,92.66,A,LOST,-92.66,2996.0
2024-01-30,2023/24,Luton Town,Brighton & Hove Albion,H,4.2,0.26298622331306315,0.23809523809523808,0.10454213791486529,24.47,H,WON,62.64,3058.64
2024-01-31,2023/24,Manchester City,Burnley,A,21.0,0.20310838865236677,0.047619047619047616,3.2652761616997026,91.76,H,LOST,-91.76,2966.88
2024-01-31,2023/24,Liverpool,Chelsea,A,5.25,0.23446087431365567,0.19047619047619047,0.23091959014669233,40.3,H,LOST,-40.3,2926.58
2024-02-01,2023/24,West Ham United,AFC Bournemouth,H,2.4,0.48620861118040054,0.4166666666666667,0.16690066683296126,87.22,D,LOST,-87.22,2839.36
2024-02-03,2023/24,Burnley,Fulham,H,2.9,0.39727191706353465,0.3448275862068966,0.1520885594842504,56.82,D,LOST,-56.82,2782.54
2024-02-03,2023/24,Sheffield United,Aston Villa,H,5.25,0.2813461977832005,0.19047619047619047,0.4770675383618028,78.09,A,LOST,-78.09,2704.45
2024-02-03,2023/24,Newcastle United,Luton Town,A,6.5,0.2374455680946271,0.15384615384615385,0.5433961926150761,66.8,D,LOST,-66.8,2637.65
2024-02-04,2023/24,Chelsea,Wolverhampton Wanderers,A,5.5,0.2392513076609116,0.18181818181818182,0.3158821921350138,46.29,A,WON,166.64,2804.29
2024-02-04,2023/24,Arsenal,Liverpool,A,3.1,0.4044582420013678,0.3225806451612903,0.25382055020424027,84.13,H,LOST,-84.13,2720.16
2024-02-05,2023/24,Brentford,Manchester City,H,7.0,0.26155634540425604,0.14285714285714285,0.8308944178297923,81.6,A,LOST,-81.6,2638.56
2024-02-10,2023/24,Liverpool,Burnley,A,17.0,0.2044480238341603,0.058823529411764705,2.4756164051807255,79.16,H,LOST,-79.16,2559.4
2024-02-10,2023/24,Wolverhampton Wanderers,Brentford,A,3.4,0.332320742602297,0.29411764705882354,0.12989052484780975,34.63,A,WON,66.49,2625.89
2024-02-10,2023/24,Luton Town,Sheffield United,A,4.75,0.2693002003235836,0.21052631578947367,0.2791759515370221,48.87,A,WON,146.62,2772.51
2024-02-10,2023/24,Manchester City,Everton,A,13.0,0.20696598512541745,0.07692307692307693,1.6905578066304265,83.18,H,LOST,-83.18,2689.33
2024-02-10,2023/24,Tottenham Hotspur,Brighton & Hove Albion,A,3.8,0.32159949196714893,0.2631578947368421,0.222078069475166,53.33,H,LOST,-53.33,2636.01
2024-02-11,2023/24,West Ham United,Arsenal,H,6.0,0.2620417845772499,0.16666666666666666,0.5722507074634996,75.42,A,LOST,-75.42,2560.58
2024-02-12,2023/24,Crystal Palace,Chelsea,H,4.2,0.3303658347024684,0.23809523809523808,0.3875365057503673,76.82,A,LOST,-76.82,2483.77
2024-02-17,2023/24,Manchester City,Chelsea,A,8.0,0.2137391030263112,0.125,0.7099128242104895,62.97,D,LOST,-62.97,2420.79
2024-02-17,2023/24,Tottenham Hotspur,Wolverhampton Wanderers,A,5.25,0.24388375410076835,0.19047619047619047,0.2803897090290339,39.93,A,WON,135.75,2556.55
2024-02-17,2023/24,Nottingham Forest,West Ham United,H,2.38,0.49621154753101715,0.42016806722689076,0.1809834831238208,76.7,H,WON,84.67,2641.22
2024-02-17,2023/24,Burnley,Arsenal,H,10.0,0.2654832460541568,0.1,1.6548324605415679,79.24,A,LOST,-79.24,2561.98
2024-02-17,2023/24,Brentford,Liverpool,H,5.5,0.2768463242108248,0.18181818181818182,0.5226547831595363,74.39,A,LOST,-74.39,2487.59
2024-02-18,2023/24,Luton Town,Manchester United,H,4.0,0.3280831576247896,0.25,0.3123326304991585,64.75,A,LOST,-64.75,2422.85
2024-02-18,2023/24,Sheffield United,Brighton & Hove Albion,H,5.0,0.240506853570898,0.2,0.20253426785448989,30.67,A,LOST,-30.67,2392.18
2024-02-19,2023/24,Everton,Crystal Palace,A,5.25,0.25314178370676904,0.19047619047619047,0.32899436446053754,46.29,D,LOST,-46.29,2345.88
2024-02-20,2023/24,Manchester City,Brentford,A,13.0,0.19689597744831644,0.07692307692307693,1.5596477068281136,70.38,H,LOST,-70.38,2275.51
2024-02-21,2023/24,Liverpool,Luton Town,A,13.0,0.21617448656474025,0.07692307692307693,1.8102683253416232,68.27,H,LOST,-68.27,2207.24
2024-02-24,2023/24,AFC Bournemouth,Manchester City,H,7.0,0.3037689508819122,0.14285714285714285,1.1263826561733854,66.22,A,LOST,-66.22,2141.02
2024-02-24,2023/24,Manchester United,Fulham,A,5.5,0.2631705214371975,0.18181818181818182,0.4474378679045862,53.22,A,WON,191.59,2332.62
2024-02-24,2023/24,Arsenal,Newcastle United,A,8.0,0.22992208590834617,0.125,0.8393766872667694,69.93,H,LOST,-69.93,2262.69
2024-02-24,2023/24,Brighton & Hove Albion,Everton,A,4.2,0.35704912640996794,0.23809523809523808,0.49960633092186546,67.88,D,LOST,-67.88,2194.81
2024-02-24,2023/24,Aston Villa,Nottingham Forest,A,5.75,0.22241510063061617,0.17391304347826086,0.278886828626043,32.22,H,LOST,-32.22,2162.59
2024-02-24,2023/24,Crystal Palace,Burnley,A,4.0,0.27642203584339303,0.25,0.10568814337357213,19.05,H,LOST,-19.05,2143.55
2024-02-25,2023/24,Wolverhampton Wanderers,Sheffield United,A,7.0,0.20722566247632934,0.14285714285714285,0.45057963733430545,40.24,H,LOST,-40.24,2103.3
2024-03-02,2023/24,Luton Town,Aston Villa,H,4.33,0.31262935278376996,0.23094688221709006,0.353685097553724,55.85,A,LOST,-55.85,2047.46
2024-03-02,2023/24,Nottingham Forest,Liverpool,H,6.0,0.2434090591610374,0.16666666666666666,0.4604543549662244,47.14,A,LOST,-47.14,2000.32
2024-03-02,2023/24,Newcastle United,Wolverhampton Wanderers,A,3.6,0.4440450177706748,0.2777777777777778,0.5985620639744291,60.01,H,LOST,-60.01,1940.31
2024-03-02,2023/24,Tottenham Hotspur,Crystal Palace,A,6.5,0.21907701960825118,0.15384615384615385,0.4240006274536326,37.4,H,LOST,-37.4,1902.91
2024-03-03,2023/24,Manchester City,Manchester United,A,11.0,0.2178254485553137,0.09090909090909091,1.3960799341084504,57.09,H,LOST,-57.09,1845.83
2024-03-03,2023/24,Burnley,AFC Bournemouth,D,3.6,0.32589728255765804,0.2777777777777778,0.1732302172075689,30.75,A,LOST,-30.75,1815.08
2024-03-04,2023/24,Sheffield United,Arsenal,H,17.0,0.22348714154273727,0.058823529411764705,2.799281406226534,54.45,A,LOST,-54.45,1760.63
2024-03-09,2023/24,Manchester United,Everton,A,4.0,0.36280828502779866,0.25,0.45123314011119464,52.82,H,LOST,-52.82,1707.81
2024-03-09,2023/24,AFC Bournemouth,Sheffield United,A,8.0,0.2220522629971258,0.125,0.7764181039770064,47.36,D,LOST,-47.36,1660.45
2024-03-09,2023/24,Arsenal,Brentford,A,11.0,0.21981132502164916,0.09090909090909091,1.4179245752381406,49.81,H,LOST,-49.81,1610.64
2024-03-13,2023/24,AFC Bournemouth,Luton Town,A,5.75,0.2014258603127125,0.17391304347826086,0.15819869679809695,13.41,H,LOST,-13.41,1597.23
2024-03-16,2023/24,Fulham,Tottenham Hotspur,H,3.5,0.3265486355286657,0.2857142857142857,0.14292022435033,22.83,H,WON,45.66,1642.88
2024-03-16,2023/24,Luton Town,Nottingham Forest,D,3.5,0.3227282859363814,0.2857142857142857,0.12954900077733503,21.28,D,WON,42.57,1685.45
2024-03-30,2023/24,Sheffield United,Fulham,H,4.5,0.2659472541797092,0.2222222222222222,0.19676264380869152,23.69,D,LOST,-23.69,1661.76
2024-03-30,2023/24,Tottenham Hotspur,Luton Town,A,11.0,0.21764535315939285,0.09090909090909091,1.3940988847533213,49.85,H,LOST,-49.85,1611.91
2024-03-30,2023/24,Chelsea,Burnley,A,9.5,0.2259189774867929,0.10526315789473684,1.1462302861245328,48.36,D,LOST,-48.36,1563.55
2024-03-30,2023/24,Newcastle United,West Ham United,A,3.8,0.3494844603467829,0.2631578947368421,0.328040949317775,45.8,H,LOST,-45.8,1517.76
2024-03-30,2023/24,AFC Bournemouth,Everton,A,3.2,0.3714598222222539,0.3125,0.1886714311112124,32.54,H,LOST,-32.54,1485.22
2024-03-31,2023/24,Liverpool,Brighton & Hove Albion,A,7.5,0.2391664541846681,0.13333333333333333,0.7937484063850107,44.56,H,LOST,-44.56,1440.66
2024-03-31,2023/24,Manchester City,Arsenal,A,3.8,0.4334975626921998,0.2631578947368421,0.6472907382303593,43.22,D,LOST,-43.22,1397.44
2024-04-02,2023/24,Newcastle United,Everton,A,3.5,0.40453232099125636,0.2857142857142857,0.4158631234693973,41.92,D,LOST,-41.92,1355.52
2024-04-03,2023/24,Arsenal,Luton Town,A,19.0,0.20423380124223903,0.05263157894736842,2.8804422236025418,40.67,H,LOST,-40.67,1314.85
2024-04-03,2023/24,Brentford,Brighton & Hove Albion,A,2.75,0.40424078268303587,0.36363636363636365,0.11166215237834862,20.97,D,LOST,-20.97,1293.88
2024-04-03,2023/24,Manchester City,Aston Villa,A,8.0,0.20146095979109183,0.125,0.6116876783287346,28.27,H,LOST,-28.27,1265.61
2024-04-04,2023/24,Chelsea,Manchester United,A,3.4,0.40091444192052234,0.29411764705882354,0.3631091025297759,37.97,H,LOST,-37.97,1227.64
2024-04-04,2023/24,Liverpool,Sheffield United,A,21.0,0.2041876391358269,0.047619047619047616,3.2879404218523653,36.83,H,LOST,-36.83,1190.81
2024-04-06,2023/24,Brighton & Hove Albion,Arsenal,H,5.0,0.24472338830872373,0.2,0.22361694154361858,16.64,A,LOST,-16.64,1174.17
2024-04-06,2023/24,Luton Town,AFC Bournemouth,H,3.75,0.34639790296029505,0.26666666666666666,0.2989921361011064,31.92,H,WON,70.21,1244.38
2024-04-06,2023/24,Aston Villa,Brentford,A,4.75,0.23163826055206707,0.21052631578947367,0.10028173762231865,8.32,D,LOST,-8.32,1236.06
2024-04-06,2023/24,Everton,Burnley,A,5.25,0.24337537620272773,0.19047619047619047,0.27772072506432066,20.19,H,LOST,-20.19,1215.87
2024-04-06,2023/24,Crystal Palace,Manchester City,H,9.5,0.23671306945227574,0.10526315789473684,1.2487741597966198,36.48,A,LOST,-36.48,1179.4
2024-04-06,2023/24,Fulham,Newcastle United,H,2.38,0.47560196563237983,0.42016806722689076,0.131932678205064,28.19,A,LOST,-28.19,1151.21
2024-04-07,2023/24,Manchester United,Liverpool,H,4.75,0.30622656559567435,0.21052631578947367,0.45457618657945326,34.54,D,LOST,-34.54,1116.67
2024-04-07,2023/24,Sheffield United,Chelsea,H,7.0,0.24776731841626498,0.14285714285714285,0.734371228913855,33.5,D,LOST,-33.5,1083.17
2024-04-07,2023/24,Tottenham Hotspur,Nottingham Forest,A,6.5,0.2252434769549684,0.15384615384615385,0.4640826002072946,22.85,H,LOST,-22.85,1060.32
2024-04-13,2023/24,Newcastle United,Tottenham Hotspur,A,2.3,0.4802693187315212,0.4347826086956522,0.1046194330824986,21.33,H,LOST,-21.33,1038.99
2024-04-13,2023/24,Brentford,Sheffield United,A,6.5,0.21490867080844836,0.15384615384615385,0.39690636025491427,18.74,H,LOST,-18.74,1020.24
2024-04-13,2023/24,Manchester City,Luton Town,A,19.0,0.2034180915841677,0.05263157894736842,2.8649437400991866,30.61,H,LOST,-30.61,989.64
2024-04-14,2023/24,Liverpool,Crystal Palace,A,12.0,0.218718621377868,0.08333333333333333,1.6246234565344158,29.69,A,WON,261.26,1250.9
2024-04-14,2023/24,West Ham United,Fulham,A,2.8,0.4038783221089721,0.35714285714285715,0.1308593019051219,22.74,A,WON,32.74,1283.64
2024-04-14,2023/24,Arsenal,Aston Villa,A,10.0,0.2067984735940064,0.1,1.067984735940064,38.08,A,WON,274.18,1557.82
2024-04-15,2023/24,Chelsea,Everton,A,4.5,0.2980261198585387,0.2222222222222222,0.3411175393634243,37.96,H,LOST,-37.96,1519.86
2024-04-20,2023/24,Sheffield United,Burnley,A,2.45,0.5365491619941517,0.4081632653061224,0.3145454468856718,45.6,A,WON,52.89,1572.76
2024-04-20,2023/24,Wolverhampton Wanderers,Arsenal,H,8.5,0.2278561859416367,0.11764705882352941,0.936777580503912,47.18,A,LOST,-47.18,1525.57
2024-04-21,2023/24,Fulham,Liverpool,H,5.25,0.2952284188188583,0.19047619047619047,0.5499491987990062,45.77,A,LOST,-45.77,1479.81
2024-04-21,2023/24,Aston Villa,AFC Bournemouth,A,3.6,0.32266575506100253,0.2777777777777778,0.16159671821960908,22.99,H,LOST,-22.99,1456.81
2024-04-21,2023/24,Everton,Nottingham Forest,A,3.6,0.3659612269326528,0.2777777777777778,0.31746041695755006,43.7,H,LOST,-43.7,1413.11
2024-04-23,2023/24,Arsenal,Chelsea,A,6.0,0.23315726862459282,0.16666666666666666,0.398943611747557,28.19,H,LOST,-28.19,1384.92
2024-04-24,2023/24,Everton,Liverpool,H,7.0,0.27058008870070194,0.14285714285714285,0.8940606209049137,41.55,H,WON,199.43,1584.35
2024-04-24,2023/24,Manchester United,Sheffield United,A,7.5,0.2063653092340023,0.13333333333333333,0.5477398192550171,33.38,H,LOST,-33.38,1550.97
2024-04-25,2023/24,Brighton & Hove Albion,Manchester City,H,6.5,0.23353117728746672,0.15384615384615385,0.5179526523685336,36.51,A,LOST,-36.51,1514.46
2024-04-27,2023/24,Wolverhampton Wanderers,Luton Town,A,3.6,0.3711209969010058,0.2777777777777778,0.33603558884362084,45.43,H,LOST,-45.43,1469.02
2024-04-27,2023/24,Newcastle United,Sheffield United,A,11.0,0.20816731982205192,0.09090909090909091,1.289840518042571,44.07,H,LOST,-44.07,1424.95
2024-04-27,2023/24,Manchester United,Burnley,A,5.5,0.2114261220446417,0.18181818181818182,0.16284367124552931,12.89,D,LOST,-12.89,1412.06
2024-04-27,2023/24,West Ham United,Liverpool,H,5.5,0.27909313298306554,0.18181818181818182,0.5350122314068604,41.97,D,LOST,-41.97,1370.09
2024-04-28,2023/24,Tottenham Hotspur,Arsenal,H,4.2,0.2900445994475472,0.23809523809523808,0.21818731767969823,23.35,A,LOST,-23.35,1346.74
2024-04-28,2023/24,Nottingham Forest,Manchester City,H,8.0,0.23851155772625834,0.125,0.9080924618100668,40.4,A,LOST,-40.4,1306.33
2024-05-02,2023/24,Chelsea,Tottenham Hotspur,A,3.0,0.39631211623642787,0.3333333333333333,0.18893634870928366,30.85,H,LOST,-30.85,1275.48
2024-05-03,2023/24,Luton Town,Everton,D,3.6,0.36125273004822267,0.2777777777777778,0.30050982817360156,36.86,D,WON,76.66,1352.14
2024-05-04,2023/24,Manchester City,Wolverhampton Wanderers,A,21.0,0.21083730799936773,0.047619047619047616,3.4275834679867225,40.56,H,LOST,-40.56,1311.58
2024-05-04,2023/24,Burnley,Newcastle United,H,3.4,0.3402137250958248,0.29411764705882354,0.15672666532580434,21.41,A,LOST,-21.41,1290.16
2024-05-04,2023/24,Sheffield United,Nottingham Forest,H,4.75,0.2597388549110004,0.21052631578947367,0.233759560827252,20.11,A,LOST,-20.11,1270.06
2024-05-04,2023/24,Arsenal,AFC Bournemouth,A,11.0,0.20756182012223953,0.09090909090909091,1.2831800213446347,38.1,H,LOST,-38.1,1231.96
2024-05-04,2023/24,Brentford,Fulham,A,3.2,0.37047832886457654,0.3125,0.18553065236664495,25.97,D,LOST,-25.97,1205.98
2024-05-05,2023/24,Liverpool,Tottenham Hotspur,D,5.75,0.2127182891916357,0.17391304347826086,0.22313016285190537,14.16,H,LOST,-14.16,1191.82
2024-05-06,2023/24,Crystal Palace,Manchester United,A,2.8,0.47119332279609916,0.35714285714285715,0.3193413038290776,35.75,H,LOST,-35.75,1156.07
2024-05-11,2023/24,Newcastle United,Brighton & Hove Albion,A,4.75,0.24196234586148405,0.21052631578947367,0.14932114284204928,11.51,D,LOST,-11.51,1144.56
2024-05-11,2023/24,Everton,Sheffield United,A,7.5,0.22502538679300713,0.13333333333333333,0.6876904009475535,30.27,H,LOST,-30.27,1114.28
2024-05-11,2023/24,Tottenham Hotspur,Burnley,A,7.0,0.21195586205711328,0.14285714285714285,0.48369103439979305,22.46,H,LOST,-22.46,1091.83
2024-05-11,2023/24,Wolverhampton Wanderers,Crystal Palace,H,2.88,0.3835044807755235,0.3472222222222222,0.10449290463350776,15.17,A,LOST,-15.17,1076.66
2024-05-11,2023/24,Nottingham Forest,Chelsea,H,3.4,0.3370687481174109,0.29411764705882354,0.146033743599197,16.38,A,LOST,-16.38,1060.28
2024-05-11,2023/24,Fulham,Manchester City,H,13.0,0.21623177984318312,0.07692307692307693,1.8110131379613803,31.81,A,LOST,-31.81,1028.47
2024-05-11,2023/24,AFC Bournemouth,Brentford,A,3.5,0.32938245722428433,0.2857142857142857,0.1528386002849952,15.72,A,WON,31.44,1059.91
2024-05-12,2023/24,Manchester United,Arsenal,H,7.0,0.2392938358670622,0.14285714285714285,0.6750568510694356,29.81,A,LOST,-29.81,1030.1
2024-05-13,2023/24,Aston Villa,Liverpool,H,4.2,0.30148689983025023,0.23809523809523808,0.26624497928705104,21.43,D,LOST,-21.43,1008.67
2024-05-14,2023/24,Tottenham Hotspur,Manchester City,D,6.0,0.3177104878736528,0.16666666666666666,0.9062629272419169,30.26,A,LOST,-30.26,978.41
2024-05-15,2023/24,Manchester United,Newcastle United,D,4.0,0.27971303517828755,0.25,0.1188521407131502,9.69,H,LOST,-9.69,968.72
2024-05-15,2023/24,Brighton & Hove Albion,Chelsea,H,3.3,0.36715634533337,0.30303030303030304,0.21161593960012096,22.28,A,LOST,-22.28,946.44
2024-05-19,2023/24,Manchester City,West Ham United,A,21.0,0.21362165385970444,0.047619047619047616,3.4860547310537937,28.39,H,LOST,-28.39,918.04
2024-05-19,2023/24,Chelsea,AFC Bournemouth,A,6.0,0.27452815828035276,0.16666666666666666,0.6471689496821167,27.54,H,LOST,-27.54,890.5
2024-05-19,2023/24,Brentford,Newcastle United,H,2.9,0.397175997534573,0.3448275862068966,0.15181039285026163,17.79,A,LOST,-17.79,872.71
2024-05-19,2023/24,Sheffield United,Tottenham Hotspur,H,7.0,0.2745422481995841,0.14285714285714285,0.9217957373970889,26.18,A,LOST,-26.18,846.53
2024-05-19,2023/24,Luton Town,Fulham,D,3.9,0.29510530117898537,0.25641025641025644,0.1509106745980428,11.01,A,LOST,-11.01,835.52
2024-05-19,2023/24,Arsenal,Everton,A,12.0,0.2100468628134852,0.08333333333333333,1.5205623537618222,25.07,H,LOST,-25.07,810.45
2024-05-19,2023/24,Burnley,Nottingham Forest,H,3.0,0.3705519027392492,0.3333333333333333,0.11165570821774767,11.31,A,LOST,-11.31,799.14
2024-05-19,2023/24,Liverpool,Wolverhampton Wanderers,A,15.0,0.21076498708087887,0.06666666666666667,2.1614748062131834,23.97,H,LOST,-23.97,775.17
2024-08-16,2024/25,Manchester United,Fulham,A,5.25,0.21598568092643844,0.19047619047619047,0.13392482486380186,6.11,H,LOST,-6.11,769.06
2024-08-17,2024/25,Nottingham Forest,AFC Bournemouth,H,2.45,0.49495025702073653,0.4081632653061224,0.21262812970080464,23.07,D,LOST,-23.07,745.99
2024-08-17,2024/25,Newcastle United,Southampton,A,8.0,0.2235041524507599,0.125,0.7880332196060793,21.0,H,LOST,-21.0,724.99
2024-08-17,2024/25,Arsenal,Wolverhampton Wanderers,A,13.0,0.20346681406135417,0.07692307692307693,1.645068582797604,21.75,H,LOST,-21.75,703.24
2024-08-17,2024/25,Ipswich Town,Liverpool,H,8.5,0.2997681227189393,0.11764705882352941,1.5480290431109842,21.1,A,LOST,-21.1,682.15
2024-08-18,2024/25,Chelsea,Manchester City,H,4.1,0.348621210008835,0.24390243902439027,0.4293469610362234,20.46,A,LOST,-20.46,661.68
2024-08-19,2024/25,Leicester City,Tottenham Hotspur,H,5.0,0.33932770738620427,0.2,0.6966385369310213,19.85,D,LOST,-19.85,641.83
2024-08-24,2024/25,Aston Villa,Arsenal,H,4.33,0.2896992489005297,0.23094688221709006,0.25439774773929374,12.26,A,LOST,-12.26,629.57
2024-08-24,2024/25,Fulham,Leicester City,H,1.8,0.6169780249041579,0.5555555555555556,0.11056044482748412,18.89,H,WON,12.09,641.66
2024-08-24,2024/25,Manchester City,Ipswich Town,A,21.0,0.20087343052117712,0.047619047619047616,3.21834204094472,19.25,H,LOST,-19.25,622.41
2024-08-24,2024/25,Southampton,Nottingham Forest,A,2.8,0.5027051875411988,0.35714285714285715,0.40757452511535647,18.67,A,WON,26.89,649.3
2024-08-24,2024/25,Tottenham Hotspur,Everton,A,6.5,0.2339659776329719,0.15384615384615385,0.5207788546143172,15.37,H,LOST,-15.37,633.93
2024-08-25,2024/25,Wolverhampton Wanderers,Chelsea,H,4.33,0.33447840064522477,0.23094688221709006,0.4482914747938233,19.02,A,LOST,-19.02,614.91
2024-08-25,2024/25,Liverpool,Brentford,A,11.0,0.20999094119624948,0.09090909090909091,1.309900353158744,18.45,H,LOST,-18.45,596.46
2024-08-31,2024/25,West Ham United,Manchester City,H,7.0,0.2323384427528009,0.14285714285714285,0.6263690992696065,15.57,A,LOST,-15.57,580.9
2024-08-31,2024/25,Ipswich Town,Fulham,D,3.5,0.3181424340418377,0.2857142857142857,0.11349851914643191,6.59,D,WON,13.19,594.08
2024-08-31,2024/25,Leicester City,Aston Villa,H,4.5,0.3514562545092887,0.2222222222222222,0.5815531452917992,17.82,A,LOST,-17.82,576.26
2024-08-31,2024/25,Arsenal,Brighton & Hove Albion,A,8.5,0.21932221725176124,0.11764705882352941,0.8642388466399705,16.6,D,LOST,-16.6,559.66
2024-09-01,2024/25,Manchester United,Liverpool,H,3.7,0.35663199971868714,0.27027027027027023,0.3195383989591426,16.56,A,LOST,-16.56,543.1
2024-09-01,2024/25,Chelsea,Crystal Palace,A,5.0,0.2727124714054608,0.2,0.3635623570273039,12.34,D,LOST,-12.34,530.76
2024-09-14,2024/25,Aston Villa,Everton,A,6.5,0.21841480296400836,0.15384615384615385,0.41969621926605427,10.13,H,LOST,-10.13,520.64
2024-09-14,2024/25,Manchester City,Brentford,A,12.0,0.199494175059965,0.08333333333333333,1.3939301007195801,15.62,H,LOST,-15.62,505.02
2024-09-14,2024/25,Liverpool,Nottingham Forest,A,12.0,0.1983227986527687,0.08333333333333333,1.3798735838332246,15.15,A,WON,133.32,638.34
2024-09-14,2024/25,Brighton & Hove Albion,Ipswich Town,A,7.5,0.23294363474684307,0.13333333333333333,0.7470772606013231,18.34,D,LOST,-18.34,620.0
2024-09-14,2024/25,Crystal Palace,Leicester City,A,5.5,0.23265016813161332,0.18181818181818182,0.2795759247238732,9.63,D,LOST,-9.63,610.37
2024-09-14,2024/25,Southampton,Manchester United,H,4.5,0.35281024532640465,0.2222222222222222,0.587646103968821,18.31,A,LOST,-18.31,592.06
2024-09-14,2024/25,Fulham,West Ham United,H,2.38,0.5742298031638319,0.42016806722689076,0.36666693152991986,17.76,D,LOST,-17.76,574.3
2024-09-21,2024/25,Tottenham Hotspur,Brentford,A,5.5,0.2086083350288447,0.18181818181818182,0.14734584265864586,4.7,H,LOST,-4.7,569.6
2024-09-21,2024/25,Southampton,Ipswich Town,A,3.2,0.3677372851381313,0.3125,0.1767593124420202,11.44,D,LOST,-11.44,558.15
2024-09-21,2024/25,Crystal Palace,Manchester United,A,2.3,0.524312478522709,0.4347826086956522,0.2059187006022306,16.74,D,LOST,-16.74,541.41
2024-09-21,2024/25,Liverpool,AFC Bournemouth,A,9.0,0.21893488990413987,0.1111111111111111,0.970414009137259,16.24,H,LOST,-16.24,525.17
2024-09-21,2024/25,Leicester City,Everton,H,2.45,0.5531667668435375,0.4081632653061224,0.355258578766667,15.76,D,LOST,-15.76,509.41
2024-09-21,2024/25,Fulham,Newcastle United,H,3.0,0.435496677551465,0.3333333333333333,0.306490032654395,15.28,H,WON,24.45,533.86
2024-09-21,2024/25,Aston Villa,Wolverhampton Wanderers,A,5.25,0.21410780808776342,0.19047619047619047,0.124065992460758,3.9,H,LOST,-3.9,529.97
2024-09-21,2024/25,West Ham United,Chelsea,H,3.6,0.3188362286098149,0.2777777777777778,0.14781042299533367,7.53,A,LOST,-7.53,522.44
2024-09-22,2024/25,Brighton & Hove Albion,Nottingham Forest,A,4.75,0.3624515598550638,0.21052631578947367,0.721644909311553,15.67,D,LOST,-15.67,506.76
2024-09-22,2024/25,Manchester City,Arsenal,A,4.5,0.2601562393212051,0.2222222222222222,0.1707030769454229,6.18,D,LOST,-6.18,500.58
2024-09-28,2024/25,Arsenal,Leicester City,A,15.0,0.20927303716088763,0.06666666666666667,2.139095557413315,15.02,H,LOST,-15.02,485.57
2024-09-28,2024/25,Brentford,West Ham United,H,2.2,0.5116154845211974,0.45454545454545453,0.12555406594663437,12.7,D,LOST,-12.7,472.87
2024-09-28,2024/25,Newcastle United,Manchester City,H,5.25,0.3008055432755675,0.19047619047619047,0.5792291021967296,14.19,D,LOST,-14.19,458.68
2024-09-28,2024/25,Wolverhampton Wanderers,Liverpool,H,8.0,0.2385048740909239,0.125,0.9080389927273913,13.76,A,LOST,-13.76,444.92
2024-09-29,2024/25,Ipswich Town,Aston Villa,H,4.0,0.31380703800497384,0.25,0.25522815201989535,9.46,D,LOST,-9.46,435.46
2024-10-05,2024/25,Crystal Palace,Liverpool,H,6.0,0.23483347028693724,0.16666666666666666,0.4090008217216235,8.91,A,LOST,-8.91,426.55
2024-10-05,2024/25,Arsenal,Southampton,A,17.0,0.20572893335322565,0.058823529411764705,2.4973918670048363,12.8,H,LOST,-12.8,413.75
2024-10-05,2024/25,Leicester City,AFC Bournemouth,H,3.1,0.4397789097737735,0.3225806451612903,0.3633146202986978,12.41,H,WON,20.85,434.61
2024-10-05,2024/25,Manchester City,Fulham,A,9.5,0.22414645388368695,0.10526315789473684,1.129391311895026,13.04,H,LOST,-13.04,421.57
2024-10-06,2024/25,Chelsea,Nottingham Forest,A,6.5,0.21145869636883377,0.15384615384615385,0.37448152639741944,7.18,D,LOST,-7.18,414.39
2024-10-19,2024/25,Tottenham Hotspur,West Ham United,A,5.25,0.22849036908084241,0.19047619047619047,0.19957443767442273,4.86,H,LOST,-4.86,409.53
2024-10-19,2024/25,Fulham,Aston Villa,H,2.45,0.49265176651830817,0.4081632653061224,0.20699682796985513,12.29,A,LOST,-12.29,397.24
2024-10-19,2024/25,Ipswich Town,Everton,H,2.38,0.5252454513457724,0.42016806722689076,0.25008417420293827,11.92,A,LOST,-11.92,385.33
2024-10-19,2024/25,Manchester United,Brentford,A,4.5,0.27178563908928655,0.2222222222222222,0.2230353759017895,6.14,H,LOST,-6.14,379.19
2024-10-19,2024/25,Newcastle United,Brighton & Hove Albion,A,3.6,0.3145505320386222,0.2777777777777778,0.1323819153390399,4.83,A,WON,10.04,389.23
2024-10-19,2024/25,Southampton,Leicester City,H,2.3,0.55120294886662,0.4347826086956522,0.26776678239322593,11.68,A,LOST,-11.68,377.55
2024-10-19,2024/25,AFC Bournemouth,Arsenal,H,5.0,0.26490060578238456,0.2,0.32450302891192273,7.66,H,WON,24.5,402.05
2024-10-20,2024/25,Wolverhampton Wanderers,Manchester City,H,8.0,0.24039904232333073,0.125,0.9231923385866458,12.06,A,LOST,-12.06,389.99
2024-10-20,2024/25,Liverpool,Chelsea,A,5.0,0.23461023355880786,0.2,0.17305116779403926,4.22,H,LOST,-4.22,385.77
2024-10-25,2024/25,Leicester City,Nottingham Forest,H,3.0,0.3868327970082092,0.3333333333333333,0.1604983910246277,7.74,A,LOST,-7.74,378.03
2024-10-26,2024/25,Brentford,Ipswich Town,A,4.75,0.2724429591522293,0.21052631578947367,0.29410405597308936,7.41,H,LOST,-7.41,370.62
2024-10-26,2024/25,Everton,Fulham,H,2.75,0.41154896685272296,0.36363636363636365,0.1317596588449881,6.98,D,LOST,-6.98,363.65
2024-10-26,2024/25,Aston Villa,AFC Bournemouth,A,3.8,0.3126706699035852,0.2631578947368421,0.1881485456336239,6.11,D,LOST,-6.11,357.54
2024-10-26,2024/25,Manchester City,Southampton,A,17.0,0.23938020115440006,0.058823529411764705,3.069463419624801,10.73,H,LOST,-10.73,346.81
2024-10-27,2024/25,West Ham United,Manchester United,A,2.3,0.491818139844405,0.4347826086956522,0.13118172164213135,8.75,H,LOST,-8.75,338.06
2024-10-27,2024/25,Arsenal,Liverpool,A,2.9,0.42358126749488534,0.3448275862068966,0.2283856757351674,10.14,D,LOST,-10.14,327.92
2024-11-02,2024/25,Wolverhampton Wanderers,Crystal Palace,A,2.88,0.4361445145841752,0.3472222222222222,0.2560962020024246,9.84,D,LOST,-9.84,318.08
2024-11-02,2024/25,Newcastle United,Arsenal,H,3.75,0.2949001426698194,0.26666666666666666,0.10587553501182276,3.06,H,WON,6.74,324.82
2024-11-02,2024/25,AFC Bournemouth,Manchester City,H,5.5,0.2631462519109646,0.18181818181818182,0.44730438551030516,8.07,H,WON,29.06,353.88
2024-11-02,2024/25,Liverpool,Brighton & Hove Albion,A,7.5,0.20247068265523085,0.13333333333333333,0.5185301199142315,7.06,H,LOST,-7.06,346.82
2024-11-09,2024/25,Liverpool,Aston Villa,A,6.5,0.20235768927336598,0.15384615384615385,0.3153249802768788,4.97,H,LOST,-4.97,341.85
2024-11-09,2024/25,Brighton & Hove Albion,Manchester City,H,4.1,0.2981818657370956,0.24390243902439027,0.22254564952209183,6.14,H,WON,15.22,357.06
2024-11-09,2024/25,Wolverhampton Wanderers,Southampton,A,3.75,0.37701701377611524,0.26666666666666666,0.4138138016604322,10.71,H,LOST,-10.71,346.35
2024-11-09,2024/25,Crystal Palace,Fulham,H,2.7,0.4640148785442098,0.37037037037037035,0.25284017206936654,10.39,A,LOST,-10.39,335.96
2024-11-09,2024/25,Brentford,AFC Bournemouth,A,2.7,0.43179185507167045,0.37037037037037035,0.16583800869351029,8.19,H,LOST,-8.19,327.77
2024-11-09,2024/25,West Ham United,Everton,A,3.4,0.33420517587070053,0.29411764705882354,0.13629759796038177,4.65,D,LOST,-4.65,323.11
2024-11-10,2024/25,Manchester United,Leicester City,A,6.5,0.21459440219330628,0.15384615384615385,0.39486361425649075,5.8,H,LOST,-5.8,317.31
2024-11-10,2024/25,Tottenham Hotspur,Ipswich Town,A,9.0,0.22285939706416288,0.1111111111111111,1.005734573577466,9.52,A,WON,60.92,378.24
2024-11-23,2024/25,Aston Villa,Crystal Palace,A,5.5,0.23020842867869237,0.18181818181818182,0.26614635773280804,5.59,D,LOST,-5.59,372.65
2024-11-23,2024/25,Fulham,Wolverhampton Wanderers,A,5.25,0.21298138432286862,0.19047619047619047,0.11815226769506029,2.59,A,WON,8.81,381.45
2024-11-23,2024/25,Arsenal,Nottingham Forest,A,9.0,0.22040160333869074,0.1111111111111111,0.9836144300482168,11.44,H,LOST,-11.44,370.01
2024-11-23,2024/25,AFC Bournemouth,Brighton & Hove Albion,H,2.4,0.470862517836559,0.4166666666666667,0.13007004280774162,8.59,A,LOST,-8.59,361.41
2024-11-23,2024/25,Leicester City,Chelsea,H,6.5,0.25043798115872734,0.15384615384615385,0.6278468775317276,10.31,A,LOST,-10.31,351.1
2024-11-23,2024/25,Manchester City,Tottenham Hotspur,A,6.0,0.21574548236167923,0.16666666666666666,0.29447289417007544,5.17,A,WON,20.68,371.78
2024-11-24,2024/25,Southampton,Liverpool,H,11.0,0.26725479910691724,0.09090909090909091,1.9398027901760895,11.15,A,LOST,-11.15,360.62
2024-11-24,2024/25,Ipswich Town,Manchester United,H,5.25,0.36454510957428693,0.19047619047619047,0.9138618252650065,10.82,D,LOST,-10.82,349.81
2024-11-25,2024/25,Newcastle United,West Ham United,A,6.0,0.2613082508526076,0.16666666666666666,0.5678495051156458,9.93,A,WON,39.73,389.53
2024-11-29,2024/25,Brighton & Hove Albion,Southampton,A,7.5,0.22477936819006383,0.13333333333333333,0.6858452614254787,10.28,D,LOST,-10.28,379.26
2024-11-30,2024/25,Brentford,Leicester City,A,4.75,0.2346320314785978,0.21052631578947367,0.11450214952333956,2.9,H,LOST,-2.9,376.36
2024-11-30,2024/25,West Ham United,Arsenal,H,7.0,0.25001612651382205,0.14285714285714285,0.7501128855967544,11.29,A,LOST,-11.29,365.07
2024-11-30,2024/25,Crystal Palace,Newcastle United,H,2.9,0.4061559842046243,0.3448275862068966,0.17785235419341036,8.54,D,LOST,-8.54,356.53
2024-12-01,2024/25,Manchester United,Everton,A,6.0,0.2626855807524741,0.16666666666666666,0.5761134845148448,10.27,H,LOST,-10.27,346.26
2024-12-01,2024/25,Liverpool,Manchester City,A,3.3,0.3547048855234318,0.30303030303030304,0.170526122227325,6.42,H,LOST,-6.42,339.84
2024-12-03,2024/25,Ipswich Town,Crystal Palace,H,3.0,0.3767871552589696,0.3333333333333333,0.13036146577690888,5.54,A,LOST,-5.54,334.3
2024-12-04,2024/25,Manchester City,Nottingham Forest,A,9.0,0.2034156525932199,0.1111111111111111,0.8307408733389792,8.68,H,LOST,-8.68,325.62
2024-12-04,2024/25,Newcastle United,Liverpool,H,4.2,0.3054287396436009,0.23809523809523808,0.28280070650312383,7.19,D,LOST,-7.19,318.43
2024-12-04,2024/25,Southampton,Chelsea,H,8.5,0.2512080365676419,0.11764705882352941,1.1352683108249562,9.55,A,LOST,-9.55,308.88
2024-12-04,2024/25,Arsenal,Manchester United,A,7.0,0.2549790176346202,0.14285714285714285,0.7848531234423416,9.27,H,LOST,-9.27,299.61
2024-12-04,2024/25,Everton,Wolverhampton Wanderers,A,3.5,0.40316188161685335,0.2857142857142857,0.4110665856589868,8.99,H,LOST,-8.99,290.62
2024-12-05,2024/25,Fulham,Brighton & Hove Albion,H,2.35,0.5273310349058209,0.425531914893617,0.2392279320286791,8.72,H,WON,9.42,300.04
2024-12-05,2024/25,AFC Bournemouth,Tottenham Hotspur,A,2.45,0.4493619198944813,0.4081632653061224,0.10093670374147937,5.22,H,LOST,-5.22,294.82
2024-12-07,2024/25,Crystal Palace,Manchester City,H,5.5,0.24547343386051523,0.18181818181818182,0.3501038862328337,5.73,D,LOST,-5.73,289.08
2024-12-07,2024/25,Manchester United,Nottingham Forest,A,5.25,0.23858165193276007,0.19047619047619047,0.2525536726469904,4.29,A,WON,14.6,303.68
2024-12-07,2024/25,Aston Villa,Southampton,A,7.0,0.2237082050862459,0.14285714285714285,0.5659574356037214,7.16,H,LOST,-7.16,296.52
2024-12-08,2024/25,Fulham,Arsenal,H,5.0,0.34654236271914013,0.2,0.7327118135957006,8.9,D,LOST,-8.9,287.63
2024-12-08,2024/25,Ipswich Town,AFC Bournemouth,H,3.5,0.33810065056867894,0.2857142857142857,0.18335227699037634,5.27,A,LOST,-5.27,282.35
2024-12-08,2024/25,Leicester City,Brighton & Hove Albion,H,4.5,0.31071259985985966,0.2222222222222222,0.39820669936936853,8.03,D,LOST,-8.03,274.32
2024-12-14,2024/25,Nottingham Forest,Aston Villa,H,2.63,0.4448686102463222,0.3802281368821293,0.17000444494782724,7.15,H,WON,9.33,283.65
2024-12-14,2024/25,Wolverhampton Wanderers,Ipswich Town,D,3.8,0.2922616168673355,0.2631578947368421,0.1105941440958749,2.8,A,LOST,-2.8,280.85
2024-12-14,2024/25,Arsenal,Everton,A,12.0,0.2160985178023542,0.08333333333333333,1.5931822136282503,8.43,D,LOST,-8.43,272.42
2024-12-14,2024/25,Liverpool,Fulham,A,8.0,0.2001093292761951,0.125,0.6008746342095608,5.85,D,LOST,-5.85,266.58
2024-12-14,2024/25,Newcastle United,Leicester City,A,8.5,0.2075654900850544,0.11764705882352941,0.7643066657229625,6.79,H,LOST,-6.79,259.79
2024-12-15,2024/25,Chelsea,Brentford,A,7.5,0.23779045877030788,0.13333333333333333,0.7834284407773091,7.79,H,LOST,-7.79,251.99
2024-12-15,2024/25,Southampton,Tottenham Hotspur,D,4.5,0.2830922220262317,0.2222222222222222,0.2739149991180427,4.93,A,LOST,-4.93,247.06
2024-12-15,2024/25,Brighton & Hove Albion,Crystal Palace,A,3.9,0.2870927199796365,0.25641025641025644,0.11966160792058213,2.55,A,WON,5.91,252.97
2024-12-16,2024/25,AFC Bournemouth,West Ham United,A,4.75,0.26598840970899795,0.21052631578947367,0.26344494611774033,4.44,D,LOST,-4.44,248.53
2024-12-21,2024/25,Crystal Palace,Arsenal,H,6.25,0.234432299421653,0.16,0.4652018713853312,5.51,A,LOST,-5.51,243.03
2024-12-21,2024/25,West Ham United,Brighton & Hove Albion,A,2.35,0.5098432092094399,0.425531914893617,0.19813154164218383,7.29,D,LOST,-7.29,235.74
2024-12-21,2024/25,Aston Villa,Manchester City,H,3.25,0.40368964141677166,0.3076923076923077,0.31199133460450784,7.07,H,WON,12.73,248.46
2024-12-21,2024/25,Ipswich Town,Newcastle United,H,4.75,0.24230494185443066,0.21052631578947367,0.1509484738085457,2.5,A,LOST,-2.5,245.96
2024-12-22,2024/25,Everton,Chelsea,H,5.0,0.29860717828177447,0.2,0.4930358914088723,7.38,D,LOST,-7.38,238.59
2024-12-22,2024/25,Manchester United,AFC Bournemouth,A,4.2,0.30665261335435906,0.23809523809523808,0.2879409760883081,5.37,A,WON,13.74,252.33
2024-12-22,2024/25,Fulham,Southampton,A,7.0,0.20744232810569316,0.14285714285714285,0.4520962967398522,4.75,D,LOST,-4.75,247.57
2024-12-22,2024/25,Tottenham Hotspur,Liverpool,H,4.5,0.27455048507263796,0.2222222222222222,0.23547718282687088,4.16,A,LOST,-4.16,243.41
2024-12-26,2024/25,Chelsea,Fulham,A,6.0,0.21755191634177004,0.16666666666666666,0.3053114980506203,3.72,A,WON,14.86,258.27
2024-12-26,2024/25,Manchester City,Everton,A,7.5,0.22238281115957934,0.13333333333333333,0.667871083696845,6.63,D,LOST,-6.63,251.64
2024-12-26,2024/25,Liverpool,Leicester City,A,23.0,0.20166323960790367,0.043478260869565216,3.6382545109817843,7.55,H,LOST,-7.55,244.09
2024-12-27,2024/25,Arsenal,Ipswich Town,A,15.0,0.2008436456675193,0.06666666666666667,2.0126546850127895,7.32,H,LOST,-7.32,236.76
2024-12-29,2024/25,Tottenham Hotspur,Wolverhampton Wanderers,A,4.2,0.2623274083520024,0.23809523809523808,0.1017751150784102,1.88,D,LOST,-1.88,234.88
2024-12-29,2024/25,West Ham United,Liverpool,H,7.0,0.26778202292424114,0.14285714285714285,0.8744741604696881,7.05,A,LOST,-7.05,227.84
2024-12-29,2024/25,Crystal Palace,Southampton,A,5.5,0.25600853275325947,0.18181818181818182,0.40804693014292703,5.16,H,LOST,-5.16,222.67
2024-12-29,2024/25,Leicester City,Manchester City,H,7.5,0.33093218850843337,0.13333333333333333,1.4819914138132504,6.68,A,LOST,-6.68,215.99
2024-12-30,2024/25,Ipswich Town,Chelsea,H,6.5,0.270562183188961,0.15384615384615385,0.7586541907282466,6.48,H,WON,28.51,244.5
2024-12-30,2024/25,Aston Villa,Brighton & Hove Albion,A,3.6,0.3536467718976885,0.2777777777777778,0.27312837883167856,6.42,D,LOST,-6.42,238.08
2025-01-01,2024/25,Brentford,Arsenal,H,6.5,0.2541673527683049,0.15384615384615385,0.6520877929939816,7.06,A,LOST,-7.06,231.02
2025-01-04,2024/25,Tottenham Hotspur,Newcastle United,D,3.8,0.2945021023301739,0.2631578947368421,0.11910798885466078,2.46,A,LOST,-2.46,228.57
2025-01-04,2024/25,Aston Villa,Leicester City,A,8.5,0.20855006831423398,0.11764705882352941,0.7726755806709888,5.89,H,LOST,-5.89,222.68
2025-01-04,2024/25,AFC Bournemouth,Everton,A,4.75,0.24816037603407767,0.21052631578947367,0.17876178616186902,2.65,H,LOST,-2.65,220.03
2025-01-04,2024/25,Crystal Palace,Chelsea,H,3.8,0.34380001266001997,0.2631578947368421,0.30644004810807596,6.02,D,LOST,-6.02,214.01
2025-01-04,2024/25,Manchester City,West Ham United,A,7.5,0.2222817302708193,0.13333333333333333,0.6671129770311447,5.49,H,LOST,-5.49,208.52
2025-01-04,2024/25,Southampton,Brentford,A,2.4,0.5097762017515547,0.4166666666666667,0.2234628842037312,6.26,A,WON,7.01,215.52
2025-01-04,2024/25,Brighton & Hove Albion,Arsenal,H,4.33,0.33174243282088556,0.23094688221709006,0.4364447341144345,6.47,D,LOST,-6.47,209.06
2025-01-05,2024/25,Liverpool,Manchester United,A,8.0,0.23580949692503275,0.125,0.886475975400262,6.27,D,LOST,-6.27,202.78
2025-01-05,2024/25,Fulham,Ipswich Town,A,5.75,0.24914880935774494,0.17391304347826086,0.4326056538070335,4.62,D,LOST,-4.62,198.17
2025-01-14,2024/25,Nottingham Forest,Liverpool,H,5.25,0.2611111621202837,0.19047619047619047,0.3708336011314894,4.32,D,LOST,-4.32,193.84
2025-01-14,2024/25,Chelsea,AFC Bournemouth,A,6.0,0.24957906013313283,0.16666666666666666,0.49747436079879703,4.82,D,LOST,-4.82,189.02
2025-01-14,2024/25,Brentford,Manchester City,H,4.75,0.27834281205328965,0.21052631578947367,0.3221283572531259,4.06,D,LOST,-4.06,184.96
2025-01-15,2024/25,Everton,Aston Villa,A,2.3,0.48180792403091127,0.4347826086956522,0.10815822527109581,3.85,A,WON,4.0,188.96
2025-01-15,2024/25,Leicester City,Crystal Palace,H,3.9,0.3967323351463414,0.25641025641025644,0.5472561070707311,5.67,A,LOST,-5.67,183.3
2025-01-15,2024/25,Newcastle United,Wolverhampton Wanderers,A,8.0,0.20950568792037685,0.125,0.6760455033630148,4.43,H,LOST,-4.43,178.87
2025-01-15,2024/25,Arsenal,Tottenham Hotspur,A,7.0,0.20943643613386645,0.14285714285714285,0.46605505293706523,3.47,H,LOST,-3.47,175.4
2025-01-16,2024/25,Manchester United,Southampton,A,9.5,0.22651209388635105,0.10526315789473684,1.1518648919203351,5.26,H,LOST,-5.26,170.13
2025-01-16,2024/25,Ipswich Town,Brighton & Hove Albion,H,3.9,0.3952580060451758,0.25641025641025644,0.5415062235761854,5.1,A,LOST,-5.1,165.03
2025-01-18,2024/25,Newcastle United,AFC Bournemouth,A,5.0,0.23969904862088143,0.2,0.19849524310440708,2.05,A,WON,6.55,171.58
2025-01-18,2024/25,Brentford,Liverpool,H,6.5,0.2329644125511129,0.15384615384615385,0.5142686815822337,4.01,A,LOST,-4.01,167.57
2025-01-18,2024/25,Leicester City,Fulham,H,4.33,0.32228305683688874,0.23094688221709006,0.3954856361037283,4.98,A,LOST,-4.98,162.6
2025-01-18,2024/25,Arsenal,Aston Villa,A,7.0,0.20844459533212614,0.14285714285714285,0.4591121673248831,3.11,D,LOST,-3.11,159.49
2025-01-19,2024/25,Nottingham Forest,Southampton,A,8.0,0.25161179509969483,0.125,1.0128943607975587,4.78,H,LOST,-4.78,154.7
2025-01-19,2024/25,Ipswich Town,Manchester City,H,7.5,0.32484813897441756,0.13333333333333333,1.4363610423081317,4.64,A,LOST,-4.64,150.06
2025-01-20,2024/25,Chelsea,Wolverhampton Wanderers,A,6.5,0.2239916636138958,0.15384615384615385,0.45594581349032265,3.11,H,LOST,-3.11,146.95
2025-01-25,2024/25,Wolverhampton Wanderers,Arsenal,H,7.0,0.2672371627511952,0.14285714285714285,0.8706601392583664,4.41,A,LOST,-4.41,142.54
2025-01-25,2024/25,Southampton,Newcastle United,H,6.5,0.258451981064644,0.15384615384615385,0.6799378769201859,4.28,A,LOST,-4.28,138.26
2025-01-25,2024/25,Brighton & Hove Albion,Everton,A,5.5,0.26265026467418134,0.18181818181818182,0.44457645570799736,3.41,A,WON,12.29,150.56
2025-01-25,2024/25,Liverpool,Ipswich Town,A,15.0,0.20480821426273765,0.06666666666666667,2.0721232139410652,4.52,H,LOST,-4.52,146.04
2025-01-26,2024/25,Aston Villa,West Ham United,A,5.75,0.21677569913778708,0.17391304347826086,0.24646027004227572,1.89,D,LOST,-1.89,144.15
2025-01-26,2024/25,Tottenham Hotspur,Leicester City,A,5.5,0.2286723145911347,0.18181818181818182,0.2576977302512409,2.06,A,WON,7.43,151.58
2025-02-01,2024/25,Nottingham Forest,Brighton & Hove Albion,H,2.38,0.4765040522470179,0.42016806722689076,0.13407964434790262,3.68,H,WON,4.06,155.64
2025-02-01,2024/25,Everton,Leicester City,A,4.5,0.2658092810235522,0.2222222222222222,0.19614176460598506,2.18,H,LOST,-2.18,153.46
2025-02-01,2024/25,AFC Bournemouth,Liverpool,H,4.5,0.2885622986094302,0.2222222222222222,0.2985303437424361,3.27,A,LOST,-3.27,150.19
2025-02-01,2024/25,Ipswich Town,Southampton,A,3.8,0.33087650564449483,0.2631578947368421,0.2573307214490804,3.45,A,WON,7.73,157.92
2025-02-01,2024/25,Newcastle United,Fulham,A,4.75,0.23648170289225315,0.21052631578947367,0.12328808873820252,1.3,A,WON,3.89,161.81
2025-02-02,2024/25,Manchester United,Crystal Palace,A,3.8,0.3479020894591179,0.2631578947368421,0.322027939944648,4.65,A,WON,10.42,172.23
2025-02-02,2024/25,Arsenal,Manchester City,A,4.0,0.30980567408869236,0.25,0.23922269635476945,3.43,H,LOST,-3.43,168.8
2025-02-03,2024/25,Chelsea,West Ham United,A,8.0,0.214066722909901,0.125,0.712533783279208,4.3,H,LOST,-4.3,164.5
2025-02-12,2024/25,Everton,Liverpool,H,7.5,0.2418484400836176,0.13333333333333333,0.8138633006271321,4.94,D,LOST,-4.94,159.57
2025-02-14,2024/25,Brighton & Hove Albion,Chelsea,H,2.7,0.5109015778820236,0.37037037037037035,0.3794342602814638,4.79,H,WON,6.51,166.08
2025-02-15,2024/25,West Ham United,Brentford,H,2.35,0.5144613419573162,0.425531914893617,0.20898415359969302,4.98,A,LOST,-4.98,161.1
2025-02-15,2024/25,Aston Villa,Ipswich Town,A,7.0,0.2399919118763121,0.14285714285714285,0.6799433831341849,4.56,D,LOST,-4.56,156.53
2025-02-15,2024/25,Southampton,AFC Bournemouth,H,6.0,0.23501197791477182,0.16666666666666666,0.410071867488631,3.21,A,LOST,-3.21,153.32
2025-02-15,2024/25,Fulham,Nottingham Forest,H,2.2,0.5440059361473724,0.45454545454545453,0.19681305952421924,4.6,H,WON,4.42,157.74
2025-02-15,2024/25,Crystal Palace,Everton,A,5.0,0.25410480101888405,0.2,0.2705240050944202,2.67,A,WON,8.53,166.27
2025-02-15,2024/25,Leicester City,Arsenal,H,8.5,0.2594164689487406,0.11764705882352941,1.205039986064295,4.99,A,LOST,-4.99,161.29
2025-02-16,2024/25,Liverpool,Wolverhampton Wanderers,A,12.0,0.20468107292442742,0.08333333333333333,1.456172875093129,4.84,H,LOST,-4.84,156.45
2025-02-19,2024/25,Aston Villa,Liverpool,D,4.0,0.30885627604085986,0.25,0.23542510416343942,3.07,D,WON,7.37,163.81
2025-02-21,2024/25,Leicester City,Brentford,H,3.6,0.36314851625937344,0.2777777777777778,0.30733465853374436,4.84,A,LOST,-4.84,158.97
2025-02-22,2024/25,Everton,Manchester United,H,2.5,0.455906819779025,0.4,0.13976704944756238,3.7,D,LOST,-3.7,155.27
2025-02-22,2024/25,Arsenal,West Ham United,A,10.0,0.24019188085553492,0.1,1.4019188085553491,4.66,A,WON,33.54,188.81
2025-02-22,2024/25,AFC Bournemouth,Wolverhampton Wanderers,A,5.5,0.20975442856578583,0.18181818181818182,0.153649357111822,1.61,A,WON,5.8,194.61
2025-02-22,2024/25,Fulham,Crystal Palace,A,3.7,0.3803273526399198,0.27027027027027023,0.40721120476770345,5.84,A,WON,12.61,207.22
2025-02-22,2024/25,Ipswich Town,Tottenham Hotspur,H,4.1,0.28165648571099317,0.24390243902439027,0.15479159141507187,2.59,A,LOST,-2.59,204.63
2025-02-22,2024/25,Southampton,Brighton & Hove Albion,H,6.0,0.24839397486743583,0.16666666666666666,0.49036384920461507,5.02,A,LOST,-5.02,199.62
2025-02-25,2024/25,Brighton & Hove Albion,AFC Bournemouth,D,3.8,0.33031146373809983,0.2631578947368421,0.25518356220477945,4.55,H,LOST,-4.55,195.07
2025-02-25,2024/25,Crystal Palace,Aston Villa,H,2.45,0.4661956186774719,0.4081632653061224,0.14217926575980627,4.78,H,WON,5.55,200.62
2025-02-25,2024/25,Wolverhampton Wanderers,Fulham,H,2.63,0.42030371212374723,0.3802281368821293,0.10539876288545513,3.24,A,LOST,-3.24,197.37
2025-02-25,2024/25,Chelsea,Southampton,A,13.0,0.2022370219278243,0.07692307692307693,1.6290812850617158,5.92,H,LOST,-5.92,191.45
2025-02-26,2024/25,Tottenham Hotspur,Manchester City,D,4.0,0.3022520620186277,0.25,0.2090082480745108,3.33,A,LOST,-3.33,188.12
2025-02-26,2024/25,Nottingham Forest,Arsenal,H,3.9,0.3577009420624093,0.25641025641025644,0.3950336740433962,5.64,D,LOST,-5.64,182.47
2025-02-26,2024/25,Liverpool,Newcastle United,A,5.75,0.21709395255570463,0.17391304347826086,0.24829022719530164,2.38,H,LOST,-2.38,180.09
2025-02-26,2024/25,Brentford,Everton,A,3.5,0.3555692928827925,0.2857142857142857,0.24449252508977376,4.4,D,LOST,-4.4,175.69
2025-02-26,2024/25,Manchester United,Ipswich Town,A,6.0,0.2580659001591795,0.16666666666666666,0.5483954009550772,4.82,H,LOST,-4.82,170.87
2025-02-27,2024/25,West Ham United,Leicester City,A,5.0,0.24666305737212987,0.2,0.2333152868606493,2.49,H,LOST,-2.49,168.38
2025-03-08,2024/25,Liverpool,Southampton,A,19.0,0.2224790494202121,0.05263157894736842,3.2271019389840303,5.05,H,LOST,-5.05,163.33
2025-03-08,2024/25,Wolverhampton Wanderers,Everton,A,2.88,0.38395017002194737,0.3472222222222222,0.10577648966320846,2.3,D,LOST,-2.3,161.03
2025-03-08,2024/25,Brentford,Aston Villa,H,2.2,0.5063447993296993,0.45454545454545453,0.11395855852533858,3.82,A,LOST,-3.82,157.21
2025-03-08,2024/25,Nottingham Forest,Manchester City,H,4.0,0.34453658525634606,0.25,0.37814634102538425,4.72,H,WON,11.32,168.52
2025-03-08,2024/25,Crystal Palace,Ipswich Town,A,6.25,0.2448647712543868,0.16,0.5304048203399174,4.26,H,LOST,-4.26,164.27
2025-03-09,2024/25,Chelsea,Leicester City,A,12.0,0.20507608940987512,0.08333333333333333,1.4609130729185016,4.93,H,LOST,-4.93,159.34
2025-03-09,2024/25,Tottenham Hotspur,AFC Bournemouth,H,2.7,0.41613837619298827,0.37037037037037035,0.12357361572106838,2.9,D,LOST,-2.9,156.44
2025-03-09,2024/25,Manchester United,Arsenal,H,5.75,0.3837864066834426,0.17391304347826086,1.206771838429795,4.69,D,LOST,-4.69,151.75
2025-03-10,2024/25,West Ham United,Newcastle United,H,3.25,0.44618599552440524,0.3076923076923077,0.45010448545431697,4.55,A,LOST,-4.55,147.2
2025-03-15,2024/25,Manchester City,Brighton & Hove Albion,A,4.5,0.24583573598176423,0.2222222222222222,0.10626081191793907,1.12,D,LOST,-1.12,146.08
2025-03-15,2024/25,Everton,West Ham United,A,3.9,0.33251490095287467,0.25641025641025644,0.2968081137162111,3.74,D,LOST,-3.74,142.34
2025-03-16,2024/25,Arsenal,Chelsea,A,4.5,0.2941569857522471,0.2222222222222222,0.32370643588511194,3.29,H,LOST,-3.29,139.05
2025-03-16,2024/25,Fulham,Tottenham Hotspur,A,3.6,0.33329956889188134,0.2777777777777778,0.19987844801077276,2.67,H,LOST,-2.67,136.38
2025-03-16,2024/25,Leicester City,Manchester United,H,4.5,0.2623821414447882,0.2222222222222222,0.18071963650154704,1.76,A,LOST,-1.76,134.62
2025-04-01,2024/25,Arsenal,Fulham,A,7.0,0.21261765049656756,0.14285714285714285,0.48832355347597295,2.74,H,LOST,-2.74,131.88
2025-04-01,2024/25,Wolverhampton Wanderers,West Ham United,H,2.5,0.5000762039242563,0.4,0.2501905098106408,3.96,H,WON,4.75,136.63
2025-04-02,2024/25,Liverpool,Everton,A,8.0,0.251534083873214,0.125,1.0122726709857122,4.1,H,LOST,-4.1,132.53
2025-04-02,2024/25,Southampton,Crystal Palace,H,5.75,0.27391068772658855,0.17391304347826086,0.5749864544278842,3.98,D,LOST,-3.98,128.55
2025-04-02,2024/25,Newcastle United,Brentford,D,4.5,0.2575146403240878,0.2222222222222222,0.15881588145839504,1.46,H,LOST,-1.46,127.09
2025-04-02,2024/25,Manchester City,Leicester City,A,10.0,0.20199672401285715,0.1,1.0199672401285713,3.6,H,LOST,-3.6,123.49
2025-04-02,2024/25,AFC Bournemouth,Ipswich Town,A,7.5,0.22286354989531276,0.13333333333333333,0.6714766242148458,3.19,A,WON,16.58,140.08
2025-04-03,2024/25,Chelsea,Tottenham Hotspur,A,4.5,0.2714270617835071,0.2222222222222222,0.22142177802578208,2.22,H,LOST,-2.22,137.86
2025-04-05,2024/25,West Ham United,AFC Bournemouth,D,3.5,0.3223836370491393,0.2857142857142857,0.12834272967198762,1.77,D,WON,3.54,141.4
2025-04-05,2024/25,Crystal Palace,Brighton & Hove Albion,H,2.35,0.5133170268093344,0.425531914893617,0.20629501300193592,4.24,H,WON,4.58,145.98
2025-04-05,2024/25,Ipswich Town,Wolverhampton Wanderers,A,2.63,0.4241365281698361,0.3802281368821293,0.11547906908666886,2.59,A,WON,3.37,149.35
2025-04-05,2024/25,Everton,Arsenal,H,5.25,0.2889219560384965,0.19047619047619047,0.5168402692021068,4.48,D,LOST,-4.48,144.87
2025-04-06,2024/25,Tottenham Hotspur,Southampton,A,6.5,0.23327204870577387,0.15384615384615385,0.51626831658753,3.4,H,LOST,-3.4,141.47
2025-04-06,2024/25,Fulham,Liverpool,H,4.5,0.37656109011893607,0.2222222222222222,0.6945249055352124,4.24,H,WON,11.88,153.36
2025-04-07,2024/25,Leicester City,Newcastle United,H,6.5,0.2400969737649428,0.15384615384615385,0.5606303294721281,3.91,A,LOST,-3.91,149.45
2025-04-12,2024/25,Southampton,Aston Villa,H,6.0,0.23359717190747945,0.16666666666666666,0.4015830314448767,3.0,A,LOST,-3.0,146.45
2025-04-12,2024/25,Brighton & Hove Albion,Leicester City,A,10.0,0.21244683934690542,0.1,1.124468393469054,4.39,D,LOST,-4.39,142.06
2025-04-12,2024/25,Nottingham Forest,Everton,A,3.7,0.3935857573908381,0.27027027027027023,0.45626730234610124,4.26,A,WON,9.21,151.26
2025-04-12,2024/25,Manchester City,Crystal Palace,A,5.75,0.27425597326291645,0.17391304347826086,0.5769718462617697,4.54,H,LOST,-4.54,146.72
2025-04-12,2024/25,Arsenal,Brentford,A,5.0,0.23038550733026822,0.2,0.15192753665134104,1.39,D,LOST,-1.39,145.33
2025-04-13,2024/25,Liverpool,West Ham United,A,8.0,0.2441339500708332,0.125,0.9530716005666655,4.36,H,LOST,-4.36,140.97
2025-04-13,2024/25,Newcastle United,Manchester United,A,4.75,0.2771761401878034,0.21052631578947367,0.31658666589206624,2.98,H,LOST,-2.98,137.99
2025-04-13,2024/25,Chelsea,Ipswich Town,A,8.5,0.20292291408691468,0.11764705882352941,0.7248447697387748,3.33,D,LOST,-3.33,134.66
2025-04-13,2024/25,Wolverhampton Wanderers,Tottenham Hotspur,A,3.1,0.4536684549891792,0.3225806451612903,0.4063722104664555,4.04,H,LOST,-4.04,130.62
2025-04-14,2024/25,AFC Bournemouth,Fulham,H,2.15,0.5380299950508963,0.46511627906976744,0.1567644893594271,3.92,H,WON,3.61,134.23
2025-04-19,2024/25,West Ham United,Southampton,A,6.5,0.2361564893177419,0.15384615384615385,0.5350171805653223,3.26,D,LOST,-3.26,130.96
2025-04-19,2024/25,Everton,Manchester City,H,3.7,0.3053667692784899,0.27027027027027023,0.12985704633041273,1.57,A,LOST,-1.57,129.39
2025-04-20,2024/25,Leicester City,Liverpool,H,11.0,0.2168488581353978,0.09090909090909091,1.3853374394893758,3.88,A,LOST,-3.88,125.51
2025-04-20,2024/25,Ipswich Town,Arsenal,H,8.0,0.21940042587632222,0.125,0.7552034070105778,3.39,A,LOST,-3.39,122.12
2025-04-21,2024/25,Tottenham Hotspur,Nottingham Forest,H,2.45,0.4521279837131031,0.4081632653061224,0.10771356009710269,2.27,A,LOST,-2.27,119.85
2025-04-23,2024/25,Arsenal,Crystal Palace,A,7.5,0.21355422161303697,0.13333333333333333,0.6016566620977774,2.77,D,LOST,-2.77,117.08
2025-04-26,2024/25,Wolverhampton Wanderers,Leicester City,A,6.25,0.2087592971740316,0.16,0.3047456073376975,1.7,H,LOST,-1.7,115.38
2025-04-26,2024/25,Chelsea,Everton,A,6.0,0.28384741822567966,0.16666666666666666,0.7030845093540781,3.46,H,LOST,-3.46,111.92
2025-04-26,2024/25,Newcastle United,Ipswich Town,A,13.0,0.20312988101717086,0.07692307692307693,1.640688453223221,3.36,H,LOST,-3.36,108.56
2025-04-26,2024/25,Southampton,Fulham,H,5.25,0.24484869517641536,0.19047619047619047,0.2854556496761807,1.82,A,LOST,-1.82,106.74
2025-04-27,2024/25,Liverpool,Tottenham Hotspur,A,11.0,0.20705583696899543,0.09090909090909091,1.2776142066589498,3.2,H,LOST,-3.2,103.54
2025-05-01,2024/25,Nottingham Forest,Brentford,H,2.15,0.5132965481495538,0.46511627906976744,0.10358757852154075,2.33,A,LOST,-2.33,101.2
2025-05-02,2024/25,Manchester City,Wolverhampton Wanderers,A,7.5,0.21480053839309812,0.13333333333333333,0.611004037948236,2.38,H,LOST,-2.38,98.83
2025-05-03,2024/25,Everton,Ipswich Town,A,6.5,0.23341634814917225,0.15384615384615385,0.5172062629696196,2.32,D,LOST,-2.32,96.5
2025-05-04,2024/25,Brighton & Hove Albion,Newcastle United,D,3.7,0.3173518211672141,0.27027027027027023,0.17420173831869237,1.56,D,WON,3.36,99.86
2025-05-04,2024/25,Brentford,Manchester United,A,4.75,0.2637373770271891,0.21052631578947367,0.2527525408791482,1.68,H,LOST,-1.68,98.18
2025-05-10,2024/25,Fulham,Everton,A,4.5,0.37212991018651137,0.2222222222222222,0.6745845958393013,2.95,A,WON,8.25,106.43
2025-05-10,2024/25,Ipswich Town,Brentford,H,5.0,0.2889131436249946,0.2,0.4445657181249729,2.96,A,LOST,-2.96,103.47
2025-05-10,2024/25,Southampton,Manchester City,H,11.0,0.21961741197410775,0.09090909090909091,1.4157915317151852,3.1,D,LOST,-3.1,100.37
2025-05-11,2024/25,Newcastle United,Chelsea,A,3.1,0.3948415315648739,0.3225806451612903,0.2240087478511091,2.68,H,LOST,-2.68,97.69
2025-05-11,2024/25,Manchester United,West Ham United,A,4.0,0.3989412507247508,0.25,0.5957650028990031,2.93,A,WON,7.03,104.73
2025-05-11,2024/25,Nottingham Forest,Leicester City,A,8.0,0.2450366228255175,0.125,0.96029298260414,3.14,D,LOST,-3.14,101.58
2025-05-11,2024/25,Liverpool,Arsenal,A,3.6,0.33425108302636836,0.2777777777777778,0.20330389889492603,1.99,D,LOST,-1.99,99.6
2025-05-16,2024/25,Chelsea,Manchester United,A,6.25,0.2125023687985648,0.16,0.32813980499102996,1.56,H,LOST,-1.56,98.04
2025-05-16,2024/25,Aston Villa,Tottenham Hotspur,A,8.5,0.21116149536498682,0.11764705882352941,0.7948727106023881,2.6,H,LOST,-2.6,95.44
2025-05-18,2024/25,Everton,Southampton,A,7.5,0.24993496215133446,0.13333333333333333,0.8745122161350084,2.86,H,LOST,-2.86,92.58
2025-05-18,2024/25,Brentford,Fulham,A,3.6,0.378742345403414,0.2777777777777778,0.36347244345229035,2.78,A,WON,5.78,98.36
2025-05-20,2024/25,Crystal Palace,Wolverhampton Wanderers,H,2.25,0.5520533286589439,0.4444444444444444,0.24211998948262373,2.95,H,WON,2.95,101.31
2025-05-20,2024/25,Manchester City,AFC Bournemouth,A,5.75,0.22328855927354552,0.17391304347826086,0.28390921582288675,1.51,H,LOST,-1.51,99.79
2025-05-25,2024/25,Ipswich Town,West Ham United,A,2.2,0.5307172073396762,0.45454545454545453,0.16757785614728768,2.99,A,WON,2.87,102.67
2025-05-25,2024/25,AFC Bournemouth,Leicester City,A,8.5,0.22754398804318696,0.11764705882352941,0.9341238983670892,3.08,H,LOST,-3.08,99.59
2025-05-25,2024/25,Fulham,Manchester City,H,5.0,0.31138498796046293,0.2,0.5569249398023146,2.99,A,LOST,-2.99,96.6
2025-05-25,2024/25,Manchester United,Aston Villa,H,4.33,0.3683975204042194,0.23094688221709006,0.5951612633502701,2.9,H,WON,7.72,104.32
2025-05-25,2024/25,Tottenham Hotspur,Brighton & Hove Albion,H,4.2,0.43180674931402496,0.23809523809523808,0.8135883471189049,3.13,A,LOST,-3.13,101.19
2025-05-25,2024/25,Newcastle United,Everton,A,8.5,0.27427170754473446,0.11764705882352941,1.331309514130243,3.04,A,WON,18.21,119.41
2025-05-25,2024/25,Southampton,Arsenal,H,8.5,0.23647273916091524,0.11764705882352941,1.0100182828677795,3.58,A,LOST,-3.58,115.82
2025-05-25,2024/25,Liverpool,Crystal Palace,A,5.75,0.22525913461445066,0.17391304347826086,0.2952400240330913,1.8,D,LOST,-1.8,114.02
2025-05-25,2024/25,Wolverhampton Wanderers,Brentford,A,2.45,0.4660032219725174,0.4081632653061224,0.14170789383266783,2.79,D,LOST,-2.79,111.24
