date,season,home_team,away_team,home_score,away_score,league
2023-08-11T19:00:00Z,2023,Burnley FC,Manchester City FC,0,3,Premier League
2023-08-12T12:00:00Z,2023,Arsenal FC,Nottingham Forest FC,2,1,Premier League
2023-08-12T14:00:00Z,2023,AFC Bournemouth,West Ham United FC,1,1,Premier League
2023-08-12T14:00:00Z,2023,Brighton & Hove Albion FC,Luton Town FC,4,1,Premier League
2023-08-12T14:00:00Z,2023,Everton FC,Fulham FC,0,1,Premier League
2023-08-12T14:00:00Z,2023,Sheffield United FC,Crystal Palace FC,0,1,Premier League
2023-08-12T16:30:00Z,2023,Newcastle United FC,Aston Villa FC,5,1,Premier League
2023-08-13T13:00:00Z,2023,Brentford FC,Tottenham Hotspur FC,2,2,Premier League
2023-08-13T15:30:00Z,2023,Chelsea FC,Liverpool FC,1,1,Premier League
2023-08-14T19:00:00Z,2023,Manchester United FC,Wolverhampton Wanderers FC,1,0,Premier League
2023-08-18T18:45:00Z,2023,Nottingham Forest FC,Sheffield United FC,2,1,Premier League
2023-08-19T14:00:00Z,2023,Fulham FC,Brentford FC,0,3,Premier League
2023-08-19T14:00:00Z,2023,Liverpool FC,AFC Bournemouth,3,1,Premier League
2023-08-19T14:00:00Z,2023,Wolverhampton Wanderers FC,Brighton & Hove Albion FC,1,4,Premier League
2023-08-19T16:30:00Z,2023,Tottenham Hotspur FC,Manchester United FC,2,0,Premier League
2023-08-19T19:00:00Z,2023,Manchester City FC,Newcastle United FC,1,0,Premier League
2023-08-20T13:00:00Z,2023,Aston Villa FC,Everton FC,4,0,Premier League
2023-08-20T15:30:00Z,2023,West Ham United FC,Chelsea FC,3,1,Premier League
2023-08-21T19:00:00Z,2023,Crystal Palace FC,Arsenal FC,0,1,Premier League
2023-08-25T19:00:00Z,2023,Chelsea FC,Luton Town FC,3,0,Premier League
2023-08-26T11:30:00Z,2023,AFC Bournemouth,Tottenham Hotspur FC,0,2,Premier League
2023-08-26T14:00:00Z,2023,Everton FC,Wolverhampton Wanderers FC,0,1,Premier League
2023-08-26T14:00:00Z,2023,Manchester United FC,Nottingham Forest FC,3,2,Premier League
2023-08-26T14:00:00Z,2023,Arsenal FC,Fulham FC,2,2,Premier League
2023-08-26T14:00:00Z,2023,Brentford FC,Crystal Palace FC,1,1,Premier League
2023-08-26T16:30:00Z,2023,Brighton & Hove Albion FC,West Ham United FC,1,3,Premier League
2023-08-27T13:00:00Z,2023,Sheffield United FC,Manchester City FC,1,2,Premier League
2023-08-27T13:00:00Z,2023,Burnley FC,Aston Villa FC,1,3,Premier League
2023-08-27T15:30:00Z,2023,Newcastle United FC,Liverpool FC,1,2,Premier League
2023-09-01T19:00:00Z,2023,Luton Town FC,West Ham United FC,1,2,Premier League
2023-09-02T11:30:00Z,2023,Sheffield United FC,Everton FC,2,2,Premier League
2023-09-02T14:00:00Z,2023,Brentford FC,AFC Bournemouth,2,2,Premier League
2023-09-02T14:00:00Z,2023,Burnley FC,Tottenham Hotspur FC,2,5,Premier League
2023-09-02T14:00:00Z,2023,Chelsea FC,Nottingham Forest FC,0,1,Premier League
2023-09-02T14:00:00Z,2023,Manchester City FC,Fulham FC,5,1,Premier League
2023-09-02T16:30:00Z,2023,Brighton & Hove Albion FC,Newcastle United FC,3,1,Premier League
2023-09-03T13:00:00Z,2023,Crystal Palace FC,Wolverhampton Wanderers FC,3,2,Premier League
2023-09-03T13:00:00Z,2023,Liverpool FC,Aston Villa FC,3,0,Premier League
2023-09-03T15:30:00Z,2023,Arsenal FC,Manchester United FC,3,1,Premier League
2023-09-16T11:30:00Z,2023,Wolverhampton Wanderers FC,Liverpool FC,1,3,Premier League
2023-09-16T14:00:00Z,2023,Aston Villa FC,Crystal Palace FC,3,1,Premier League
2023-09-16T14:00:00Z,2023,Fulham FC,Luton Town FC,1,0,Premier League
2023-09-16T14:00:00Z,2023,Manchester United FC,Brighton & Hove Albion FC,1,3,Premier League
2023-09-16T14:00:00Z,2023,Tottenham Hotspur FC,Sheffield United FC,2,1,Premier League
2023-09-16T14:00:00Z,2023,West Ham United FC,Manchester City FC,1,3,Premier League
2023-09-16T16:30:00Z,2023,Newcastle United FC,Brentford FC,1,0,Premier League
2023-09-17T13:00:00Z,2023,AFC Bournemouth,Chelsea FC,0,0,Premier League
2023-09-17T15:30:00Z,2023,Everton FC,Arsenal FC,0,1,Premier League
2023-09-18T18:45:00Z,2023,Nottingham Forest FC,Burnley FC,1,1,Premier League
2023-09-23T14:00:00Z,2023,Crystal Palace FC,Fulham FC,0,0,Premier League
2023-09-23T14:00:00Z,2023,Luton Town FC,Wolverhampton Wanderers FC,1,1,Premier League
2023-09-23T14:00:00Z,2023,Manchester City FC,Nottingham Forest FC,2,0,Premier League
2023-09-23T16:30:00Z,2023,Brentford FC,Everton FC,1,3,Premier League
2023-09-23T19:00:00Z,2023,Burnley FC,Manchester United FC,0,1,Premier League
2023-09-24T13:00:00Z,2023,Arsenal FC,Tottenham Hotspur FC,2,2,Premier League
2023-09-24T13:00:00Z,2023,Brighton & Hove Albion FC,AFC Bournemouth,3,1,Premier League
2023-09-24T13:00:00Z,2023,Chelsea FC,Aston Villa FC,0,1,Premier League
2023-09-24T13:00:00Z,2023,Liverpool FC,West Ham United FC,3,1,Premier League
2023-09-24T15:30:00Z,2023,Sheffield United FC,Newcastle United FC,0,8,Premier League
2023-09-30T11:30:00Z,2023,Aston Villa FC,Brighton & Hove Albion FC,6,1,Premier League
2023-09-30T14:00:00Z,2023,AFC Bournemouth,Arsenal FC,0,4,Premier League
2023-09-30T14:00:00Z,2023,Everton FC,Luton Town FC,1,2,Premier League
2023-09-30T14:00:00Z,2023,Manchester United FC,Crystal Palace FC,0,1,Premier League
2023-09-30T14:00:00Z,2023,Newcastle United FC,Burnley FC,2,0,Premier League
2023-09-30T14:00:00Z,2023,West Ham United FC,Sheffield United FC,2,0,Premier League
2023-09-30T14:00:00Z,2023,Wolverhampton Wanderers FC,Manchester City FC,2,1,Premier League
2023-09-30T16:30:00Z,2023,Tottenham Hotspur FC,Liverpool FC,2,1,Premier League
2023-10-01T13:00:00Z,2023,Nottingham Forest FC,Brentford FC,1,1,Premier League
2023-10-02T19:00:00Z,2023,Fulham FC,Chelsea FC,0,2,Premier League
2023-10-03T18:30:00Z,2023,Luton Town FC,Burnley FC,1,2,Premier League
2023-10-07T11:30:00Z,2023,Luton Town FC,Tottenham Hotspur FC,0,1,Premier League
2023-10-07T14:00:00Z,2023,Burnley FC,Chelsea FC,1,4,Premier League
2023-10-07T14:00:00Z,2023,Everton FC,AFC Bournemouth,3,0,Premier League
2023-10-07T14:00:00Z,2023,Fulham FC,Sheffield United FC,3,1,Premier League
2023-10-07T14:00:00Z,2023,Manchester United FC,Brentford FC,2,1,Premier League
2023-10-07T16:30:00Z,2023,Crystal Palace FC,Nottingham Forest FC,0,0,Premier League
2023-10-08T13:00:00Z,2023,Brighton & Hove Albion FC,Liverpool FC,2,2,Premier League
2023-10-08T13:00:00Z,2023,West Ham United FC,Newcastle United FC,2,2,Premier League
2023-10-08T13:00:00Z,2023,Wolverhampton Wanderers FC,Aston Villa FC,1,1,Premier League
2023-10-08T15:30:00Z,2023,Arsenal FC,Manchester City FC,1,0,Premier League
2023-10-21T11:30:00Z,2023,Liverpool FC,Everton FC,2,0,Premier League
2023-10-21T14:00:00Z,2023,AFC Bournemouth,Wolverhampton Wanderers FC,1,2,Premier League
2023-10-21T14:00:00Z,2023,Brentford FC,Burnley FC,3,0,Premier League
2023-10-21T14:00:00Z,2023,Manchester City FC,Brighton & Hove Albion FC,2,1,Premier League
2023-10-21T14:00:00Z,2023,Newcastle United FC,Crystal Palace FC,4,0,Premier League
2023-10-21T14:00:00Z,2023,Nottingham Forest FC,Luton Town FC,2,2,Premier League
2023-10-21T16:30:00Z,2023,Chelsea FC,Arsenal FC,2,2,Premier League
2023-10-21T19:00:00Z,2023,Sheffield United FC,Manchester United FC,1,2,Premier League
2023-10-22T15:30:00Z,2023,Aston Villa FC,West Ham United FC,4,1,Premier League
2023-10-23T19:00:00Z,2023,Tottenham Hotspur FC,Fulham FC,2,0,Premier League
2023-10-27T19:00:00Z,2023,Crystal Palace FC,Tottenham Hotspur FC,1,2,Premier League
2023-10-28T11:30:00Z,2023,Chelsea FC,Brentford FC,0,2,Premier League
2023-10-28T14:00:00Z,2023,AFC Bournemouth,Burnley FC,2,1,Premier League
2023-10-28T14:00:00Z,2023,Arsenal FC,Sheffield United FC,5,0,Premier League
2023-10-28T16:30:00Z,2023,Wolverhampton Wanderers FC,Newcastle United FC,2,2,Premier League
2023-10-29T13:00:00Z,2023,West Ham United FC,Everton FC,0,1,Premier League
2023-10-29T14:00:00Z,2023,Aston Villa FC,Luton Town FC,3,1,Premier League
2023-10-29T14:00:00Z,2023,Brighton & Hove Albion FC,Fulham FC,1,1,Premier League
2023-10-29T14:00:00Z,2023,Liverpool FC,Nottingham Forest FC,3,0,Premier League
2023-10-29T15:30:00Z,2023,Manchester United FC,Manchester City FC,0,3,Premier League
2023-11-04T12:30:00Z,2023,Fulham FC,Manchester United FC,0,1,Premier League
2023-11-04T15:00:00Z,2023,Brentford FC,West Ham United FC,3,2,Premier League
2023-11-04T15:00:00Z,2023,Burnley FC,Crystal Palace FC,0,2,Premier League
2023-11-04T15:00:00Z,2023,Everton FC,Brighton & Hove Albion FC,1,1,Premier League
2023-11-04T15:00:00Z,2023,Manchester City FC,AFC Bournemouth,6,1,Premier League
2023-11-04T15:00:00Z,2023,Sheffield United FC,Wolverhampton Wanderers FC,2,1,Premier League
2023-11-04T17:30:00Z,2023,Newcastle United FC,Arsenal FC,1,0,Premier League
2023-11-05T14:00:00Z,2023,Nottingham Forest FC,Aston Villa FC,2,0,Premier League
2023-11-05T16:30:00Z,2023,Luton Town FC,Liverpool FC,1,1,Premier League
2023-11-06T20:00:00Z,2023,Tottenham Hotspur FC,Chelsea FC,1,4,Premier League
2023-11-11T12:30:00Z,2023,Wolverhampton Wanderers FC,Tottenham Hotspur FC,2,1,Premier League
2023-11-11T15:00:00Z,2023,Arsenal FC,Burnley FC,3,1,Premier League
2023-11-11T15:00:00Z,2023,Crystal Palace FC,Everton FC,2,3,Premier League
2023-11-11T15:00:00Z,2023,Manchester United FC,Luton Town FC,1,0,Premier League
2023-11-11T17:30:00Z,2023,AFC Bournemouth,Newcastle United FC,2,0,Premier League
2023-11-12T14:00:00Z,2023,Aston Villa FC,Fulham FC,3,1,Premier League
2023-11-12T14:00:00Z,2023,Brighton & Hove Albion FC,Sheffield United FC,1,1,Premier League
2023-11-12T14:00:00Z,2023,Liverpool FC,Brentford FC,3,0,Premier League
2023-11-12T14:00:00Z,2023,West Ham United FC,Nottingham Forest FC,3,2,Premier League
2023-11-12T16:30:00Z,2023,Chelsea FC,Manchester City FC,4,4,Premier League
2023-11-25T12:30:00Z,2023,Manchester City FC,Liverpool FC,1,1,Premier League
2023-11-25T15:00:00Z,2023,Burnley FC,West Ham United FC,1,2,Premier League
2023-11-25T15:00:00Z,2023,Luton Town FC,Crystal Palace FC,2,1,Premier League
2023-11-25T15:00:00Z,2023,Newcastle United FC,Chelsea FC,4,1,Premier League
2023-11-25T15:00:00Z,2023,Nottingham Forest FC,Brighton & Hove Albion FC,2,3,Premier League
2023-11-25T15:00:00Z,2023,Sheffield United FC,AFC Bournemouth,1,3,Premier League
2023-11-25T17:30:00Z,2023,Brentford FC,Arsenal FC,0,1,Premier League
2023-11-26T14:00:00Z,2023,Tottenham Hotspur FC,Aston Villa FC,1,2,Premier League
2023-11-26T16:30:00Z,2023,Everton FC,Manchester United FC,0,3,Premier League
2023-11-27T20:00:00Z,2023,Fulham FC,Wolverhampton Wanderers FC,3,2,Premier League
2023-12-02T15:00:00Z,2023,Arsenal FC,Wolverhampton Wanderers FC,2,1,Premier League
2023-12-02T15:00:00Z,2023,Brentford FC,Luton Town FC,3,1,Premier League
2023-12-02T15:00:00Z,2023,Burnley FC,Sheffield United FC,5,0,Premier League
2023-12-02T17:30:00Z,2023,Nottingham Forest FC,Everton FC,0,1,Premier League
2023-12-02T20:00:00Z,2023,Newcastle United FC,Manchester United FC,1,0,Premier League
2023-12-03T14:00:00Z,2023,AFC Bournemouth,Aston Villa FC,2,2,Premier League
2023-12-03T14:00:00Z,2023,Chelsea FC,Brighton & Hove Albion FC,3,2,Premier League
2023-12-03T14:00:00Z,2023,Liverpool FC,Fulham FC,4,3,Premier League
2023-12-03T14:00:00Z,2023,West Ham United FC,Crystal Palace FC,1,1,Premier League
2023-12-03T16:30:00Z,2023,Manchester City FC,Tottenham Hotspur FC,3,3,Premier League
2023-12-05T19:30:00Z,2023,Wolverhampton Wanderers FC,Burnley FC,1,0,Premier League
2023-12-05T20:15:00Z,2023,Luton Town FC,Arsenal FC,3,4,Premier League
2023-12-06T19:30:00Z,2023,Brighton & Hove Albion FC,Brentford FC,2,1,Premier League
2023-12-06T19:30:00Z,2023,Fulham FC,Nottingham Forest FC,5,0,Premier League
2023-12-06T19:30:00Z,2023,Sheffield United FC,Liverpool FC,0,2,Premier League
2023-12-06T19:30:00Z,2023,Crystal Palace FC,AFC Bournemouth,0,2,Premier League
2023-12-06T20:15:00Z,2023,Aston Villa FC,Manchester City FC,1,0,Premier League
2023-12-06T20:15:00Z,2023,Manchester United FC,Chelsea FC,2,1,Premier League
2023-12-07T19:30:00Z,2023,Everton FC,Newcastle United FC,3,0,Premier League
2023-12-07T20:15:00Z,2023,Tottenham Hotspur FC,West Ham United FC,1,2,Premier League
2023-12-09T12:30:00Z,2023,Crystal Palace FC,Liverpool FC,1,2,Premier League
2023-12-09T15:00:00Z,2023,Brighton & Hove Albion FC,Burnley FC,1,1,Premier League
2023-12-09T15:00:00Z,2023,Manchester United FC,AFC Bournemouth,0,3,Premier League
2023-12-09T15:00:00Z,2023,Sheffield United FC,Brentford FC,1,0,Premier League
2023-12-09T15:00:00Z,2023,Wolverhampton Wanderers FC,Nottingham Forest FC,1,1,Premier League
2023-12-09T17:30:00Z,2023,Aston Villa FC,Arsenal FC,1,0,Premier League
2023-12-10T14:00:00Z,2023,Everton FC,Chelsea FC,2,0,Premier League
2023-12-10T14:00:00Z,2023,Fulham FC,West Ham United FC,5,0,Premier League
2023-12-10T14:00:00Z,2023,Luton Town FC,Manchester City FC,1,2,Premier League
2023-12-10T16:30:00Z,2023,Tottenham Hotspur FC,Newcastle United FC,4,1,Premier League
2023-12-15T20:00:00Z,2023,Nottingham Forest FC,Tottenham Hotspur FC,0,2,Premier League
2023-12-16T15:00:00Z,2023,Chelsea FC,Sheffield United FC,2,0,Premier League
2023-12-16T15:00:00Z,2023,Manchester City FC,Crystal Palace FC,2,2,Premier League
2023-12-16T15:00:00Z,2023,Newcastle United FC,Fulham FC,3,0,Premier League
2023-12-16T17:30:00Z,2023,Burnley FC,Everton FC,0,2,Premier League
2023-12-17T14:00:00Z,2023,Arsenal FC,Brighton & Hove Albion FC,2,0,Premier League
2023-12-17T14:00:00Z,2023,Brentford FC,Aston Villa FC,1,2,Premier League
2023-12-17T14:00:00Z,2023,West Ham United FC,Wolverhampton Wanderers FC,3,0,Premier League
2023-12-17T16:30:00Z,2023,Liverpool FC,Manchester United FC,0,0,Premier League
2023-12-21T20:00:00Z,2023,Crystal Palace FC,Brighton & Hove Albion FC,1,1,Premier League
2023-12-22T20:00:00Z,2023,Aston Villa FC,Sheffield United FC,1,1,Premier League
2023-12-23T12:30:00Z,2023,West Ham United FC,Manchester United FC,2,0,Premier League
2023-12-23T15:00:00Z,2023,Fulham FC,Burnley FC,0,2,Premier League
2023-12-23T15:00:00Z,2023,Luton Town FC,Newcastle United FC,1,0,Premier League
2023-12-23T15:00:00Z,2023,Nottingham Forest FC,AFC Bournemouth,2,3,Premier League
2023-12-23T15:00:00Z,2023,Tottenham Hotspur FC,Everton FC,2,1,Premier League
2023-12-23T17:30:00Z,2023,Liverpool FC,Arsenal FC,1,1,Premier League
2023-12-24T13:00:00Z,2023,Wolverhampton Wanderers FC,Chelsea FC,2,1,Premier League
2023-12-26T12:30:00Z,2023,Newcastle United FC,Nottingham Forest FC,1,3,Premier League
2023-12-26T15:00:00Z,2023,AFC Bournemouth,Fulham FC,3,0,Premier League
2023-12-26T15:00:00Z,2023,Sheffield United FC,Luton Town FC,2,3,Premier League
2023-12-26T17:30:00Z,2023,Burnley FC,Liverpool FC,0,2,Premier League
2023-12-26T20:00:00Z,2023,Manchester United FC,Aston Villa FC,3,2,Premier League
2023-12-27T19:30:00Z,2023,Brentford FC,Wolverhampton Wanderers FC,1,4,Premier League
2023-12-27T19:30:00Z,2023,Chelsea FC,Crystal Palace FC,2,1,Premier League
2023-12-27T20:15:00Z,2023,Everton FC,Manchester City FC,1,3,Premier League
2023-12-28T19:30:00Z,2023,Brighton & Hove Albion FC,Tottenham Hotspur FC,4,2,Premier League
2023-12-28T20:15:00Z,2023,Arsenal FC,West Ham United FC,0,2,Premier League
2023-12-30T12:30:00Z,2023,Luton Town FC,Chelsea FC,2,3,Premier League
2023-12-30T15:00:00Z,2023,Aston Villa FC,Burnley FC,3,2,Premier League
2023-12-30T15:00:00Z,2023,Crystal Palace FC,Brentford FC,3,1,Premier League
2023-12-30T15:00:00Z,2023,Manchester City FC,Sheffield United FC,2,0,Premier League
2023-12-30T15:00:00Z,2023,Wolverhampton Wanderers FC,Everton FC,3,0,Premier League
2023-12-30T17:30:00Z,2023,Nottingham Forest FC,Manchester United FC,2,1,Premier League
2023-12-31T14:00:00Z,2023,Fulham FC,Arsenal FC,2,1,Premier League
2023-12-31T14:00:00Z,2023,Tottenham Hotspur FC,AFC Bournemouth,3,1,Premier League
2024-01-01T20:00:00Z,2023,Liverpool FC,Newcastle United FC,4,2,Premier League
2024-01-02T19:30:00Z,2023,West Ham United FC,Brighton & Hove Albion FC,0,0,Premier League
2024-01-12T19:45:00Z,2023,Burnley FC,Luton Town FC,1,1,Premier League
2024-01-13T12:30:00Z,2023,Chelsea FC,Fulham FC,1,0,Premier League
2024-01-13T17:30:00Z,2023,Newcastle United FC,Manchester City FC,2,3,Premier League
2024-01-14T14:00:00Z,2023,Everton FC,Aston Villa FC,0,0,Premier League
2024-01-14T16:30:00Z,2023,Manchester United FC,Tottenham Hotspur FC,2,2,Premier League
2024-01-20T12:30:00Z,2023,Arsenal FC,Crystal Palace FC,5,0,Premier League
2024-01-20T17:30:00Z,2023,Brentford FC,Nottingham Forest FC,3,2,Premier League
2024-01-21T14:00:00Z,2023,Sheffield United FC,West Ham United FC,2,2,Premier League
2024-01-21T16:30:00Z,2023,AFC Bournemouth,Liverpool FC,0,4,Premier League
2024-01-22T19:45:00Z,2023,Brighton & Hove Albion FC,Wolverhampton Wanderers FC,0,0,Premier League
2024-01-30T19:30:00Z,2023,Nottingham Forest FC,Arsenal FC,1,2,Premier League
2024-01-30T19:45:00Z,2023,Luton Town FC,Brighton & Hove Albion FC,4,0,Premier League
2024-01-30T19:45:00Z,2023,Fulham FC,Everton FC,0,0,Premier League
2024-01-30T20:00:00Z,2023,Crystal Palace FC,Sheffield United FC,3,2,Premier League
2024-01-30T20:15:00Z,2023,Aston Villa FC,Newcastle United FC,1,3,Premier League
2024-01-31T19:30:00Z,2023,Tottenham Hotspur FC,Brentford FC,3,2,Premier League
2024-01-31T19:30:00Z,2023,Manchester City FC,Burnley FC,3,1,Premier League
2024-01-31T20:15:00Z,2023,Liverpool FC,Chelsea FC,4,1,Premier League
2024-02-01T19:30:00Z,2023,West Ham United FC,AFC Bournemouth,1,1,Premier League
2024-02-01T20:15:00Z,2023,Wolverhampton Wanderers FC,Manchester United FC,3,4,Premier League
2024-02-03T12:30:00Z,2023,Everton FC,Tottenham Hotspur FC,2,2,Premier League
2024-02-03T15:00:00Z,2023,Brighton & Hove Albion FC,Crystal Palace FC,4,1,Premier League
2024-02-03T15:00:00Z,2023,Burnley FC,Fulham FC,2,2,Premier League
2024-02-03T15:00:00Z,2023,Newcastle United FC,Luton Town FC,4,4,Premier League
2024-02-03T17:30:00Z,2023,Sheffield United FC,Aston Villa FC,0,5,Premier League
2024-02-04T14:00:00Z,2023,AFC Bournemouth,Nottingham Forest FC,1,1,Premier League
2024-02-04T14:00:00Z,2023,Chelsea FC,Wolverhampton Wanderers FC,2,4,Premier League
2024-02-04T14:00:00Z,2023,Manchester United FC,West Ham United FC,3,0,Premier League
2024-02-04T16:30:00Z,2023,Arsenal FC,Liverpool FC,3,1,Premier League
2024-02-05T20:00:00Z,2023,Brentford FC,Manchester City FC,1,3,Premier League
2024-02-10T12:30:00Z,2023,Manchester City FC,Everton FC,2,0,Premier League
2024-02-10T15:00:00Z,2023,Fulham FC,AFC Bournemouth,3,1,Premier League
2024-02-10T15:00:00Z,2023,Liverpool FC,Burnley FC,3,1,Premier League
2024-02-10T15:00:00Z,2023,Luton Town FC,Sheffield United FC,1,3,Premier League
2024-02-10T15:00:00Z,2023,Tottenham Hotspur FC,Brighton & Hove Albion FC,2,1,Premier League
2024-02-10T15:00:00Z,2023,Wolverhampton Wanderers FC,Brentford FC,0,2,Premier League
2024-02-10T17:30:00Z,2023,Nottingham Forest FC,Newcastle United FC,2,3,Premier League
2024-02-11T14:00:00Z,2023,West Ham United FC,Arsenal FC,0,6,Premier League
2024-02-11T16:30:00Z,2023,Aston Villa FC,Manchester United FC,1,2,Premier League
2024-02-12T20:00:00Z,2023,Crystal Palace FC,Chelsea FC,1,3,Premier League
2024-02-17T12:30:00Z,2023,Brentford FC,Liverpool FC,1,4,Premier League
2024-02-17T15:00:00Z,2023,Burnley FC,Arsenal FC,0,5,Premier League
2024-02-17T15:00:00Z,2023,Fulham FC,Aston Villa FC,1,2,Premier League
2024-02-17T15:00:00Z,2023,Newcastle United FC,AFC Bournemouth,2,2,Premier League
2024-02-17T15:00:00Z,2023,Nottingham Forest FC,West Ham United FC,2,0,Premier League
2024-02-17T15:00:00Z,2023,Tottenham Hotspur FC,Wolverhampton Wanderers FC,1,2,Premier League
2024-02-17T17:30:00Z,2023,Manchester City FC,Chelsea FC,1,1,Premier League
2024-02-18T14:00:00Z,2023,Sheffield United FC,Brighton & Hove Albion FC,0,5,Premier League
2024-02-18T16:30:00Z,2023,Luton Town FC,Manchester United FC,1,2,Premier League
2024-02-19T20:00:00Z,2023,Everton FC,Crystal Palace FC,1,1,Premier League
2024-02-20T19:30:00Z,2023,Manchester City FC,Brentford FC,1,0,Premier League
2024-02-21T19:30:00Z,2023,Liverpool FC,Luton Town FC,4,1,Premier League
2024-02-24T15:00:00Z,2023,Aston Villa FC,Nottingham Forest FC,4,2,Premier League
2024-02-24T15:00:00Z,2023,Brighton & Hove Albion FC,Everton FC,1,1,Premier League
2024-02-24T15:00:00Z,2023,Crystal Palace FC,Burnley FC,3,0,Premier League
2024-02-24T15:00:00Z,2023,Manchester United FC,Fulham FC,1,2,Premier League
2024-02-24T17:30:00Z,2023,AFC Bournemouth,Manchester City FC,0,1,Premier League
2024-02-24T20:00:00Z,2023,Arsenal FC,Newcastle United FC,4,1,Premier League
2024-02-25T13:30:00Z,2023,Wolverhampton Wanderers FC,Sheffield United FC,1,0,Premier League
2024-02-26T20:00:00Z,2023,West Ham United FC,Brentford FC,4,2,Premier League
2024-03-02T15:00:00Z,2023,Brentford FC,Chelsea FC,2,2,Premier League
2024-03-02T15:00:00Z,2023,Everton FC,West Ham United FC,1,3,Premier League
2024-03-02T15:00:00Z,2023,Fulham FC,Brighton & Hove Albion FC,3,0,Premier League
2024-03-02T15:00:00Z,2023,Newcastle United FC,Wolverhampton Wanderers FC,3,0,Premier League
2024-03-02T15:00:00Z,2023,Nottingham Forest FC,Liverpool FC,0,1,Premier League
2024-03-02T15:00:00Z,2023,Tottenham Hotspur FC,Crystal Palace FC,3,1,Premier League
2024-03-02T17:30:00Z,2023,Luton Town FC,Aston Villa FC,2,3,Premier League
2024-03-03T13:00:00Z,2023,Burnley FC,AFC Bournemouth,0,2,Premier League
2024-03-03T15:30:00Z,2023,Manchester City FC,Manchester United FC,3,1,Premier League
2024-03-04T20:00:00Z,2023,Sheffield United FC,Arsenal FC,0,6,Premier League
2024-03-09T12:30:00Z,2023,Manchester United FC,Everton FC,2,0,Premier League
2024-03-09T15:00:00Z,2023,AFC Bournemouth,Sheffield United FC,2,2,Premier League
2024-03-09T15:00:00Z,2023,Crystal Palace FC,Luton Town FC,1,1,Premier League
2024-03-09T15:00:00Z,2023,Wolverhampton Wanderers FC,Fulham FC,2,1,Premier League
2024-03-09T17:30:00Z,2023,Arsenal FC,Brentford FC,2,1,Premier League
2024-03-10T13:00:00Z,2023,Aston Villa FC,Tottenham Hotspur FC,0,4,Premier League
2024-03-10T14:00:00Z,2023,Brighton & Hove Albion FC,Nottingham Forest FC,1,0,Premier League
2024-03-10T14:00:00Z,2023,West Ham United FC,Burnley FC,2,2,Premier League
2024-03-10T15:45:00Z,2023,Liverpool FC,Manchester City FC,1,1,Premier League
2024-03-11T20:00:00Z,2023,Chelsea FC,Newcastle United FC,3,2,Premier League
2024-03-13T19:30:00Z,2023,AFC Bournemouth,Luton Town FC,4,3,Premier League
2024-03-16T15:00:00Z,2023,Burnley FC,Brentford FC,2,1,Premier League
2024-03-16T15:00:00Z,2023,Luton Town FC,Nottingham Forest FC,1,1,Premier League
2024-03-16T17:30:00Z,2023,Fulham FC,Tottenham Hotspur FC,3,0,Premier League
2024-03-17T14:00:00Z,2023,West Ham United FC,Aston Villa FC,1,1,Premier League
2024-03-30T12:30:00Z,2023,Newcastle United FC,West Ham United FC,4,3,Premier League
2024-03-30T15:00:00Z,2023,AFC Bournemouth,Everton FC,2,1,Premier League
2024-03-30T15:00:00Z,2023,Chelsea FC,Burnley FC,2,2,Premier League
2024-03-30T15:00:00Z,2023,Nottingham Forest FC,Crystal Palace FC,1,1,Premier League
2024-03-30T15:00:00Z,2023,Sheffield United FC,Fulham FC,3,3,Premier League
2024-03-30T15:00:00Z,2023,Tottenham Hotspur FC,Luton Town FC,2,1,Premier League
2024-03-30T17:30:00Z,2023,Aston Villa FC,Wolverhampton Wanderers FC,2,0,Premier League
2024-03-30T20:00:00Z,2023,Brentford FC,Manchester United FC,1,1,Premier League
2024-03-31T13:00:00Z,2023,Liverpool FC,Brighton & Hove Albion FC,2,1,Premier League
2024-03-31T15:30:00Z,2023,Manchester City FC,Arsenal FC,0,0,Premier League
2024-04-02T18:30:00Z,2023,Nottingham Forest FC,Fulham FC,3,1,Premier League
2024-04-02T18:30:00Z,2023,Newcastle United FC,Everton FC,1,1,Premier League
2024-04-02T18:45:00Z,2023,AFC Bournemouth,Crystal Palace FC,1,0,Premier League
2024-04-02T18:45:00Z,2023,Burnley FC,Wolverhampton Wanderers FC,1,1,Premier League
2024-04-02T19:15:00Z,2023,West Ham United FC,Tottenham Hotspur FC,1,1,Premier League
2024-04-03T18:30:00Z,2023,Arsenal FC,Luton Town FC,2,0,Premier League
2024-04-03T18:30:00Z,2023,Brentford FC,Brighton & Hove Albion FC,0,0,Premier League
2024-04-03T19:15:00Z,2023,Manchester City FC,Aston Villa FC,4,1,Premier League
2024-04-04T18:30:00Z,2023,Liverpool FC,Sheffield United FC,3,1,Premier League
2024-04-04T19:15:00Z,2023,Chelsea FC,Manchester United FC,4,3,Premier League
2024-04-06T11:30:00Z,2023,Crystal Palace FC,Manchester City FC,2,4,Premier League
2024-04-06T14:00:00Z,2023,Aston Villa FC,Brentford FC,3,3,Premier League
2024-04-06T14:00:00Z,2023,Everton FC,Burnley FC,1,0,Premier League
2024-04-06T14:00:00Z,2023,Fulham FC,Newcastle United FC,0,1,Premier League
2024-04-06T14:00:00Z,2023,Luton Town FC,AFC Bournemouth,2,1,Premier League
2024-04-06T14:00:00Z,2023,Wolverhampton Wanderers FC,West Ham United FC,1,2,Premier League
2024-04-06T16:30:00Z,2023,Brighton & Hove Albion FC,Arsenal FC,0,3,Premier League
2024-04-07T14:30:00Z,2023,Manchester United FC,Liverpool FC,2,2,Premier League
2024-04-07T16:30:00Z,2023,Sheffield United FC,Chelsea FC,2,2,Premier League
2024-04-07T17:00:00Z,2023,Tottenham Hotspur FC,Nottingham Forest FC,3,1,Premier League
2024-04-13T11:30:00Z,2023,Newcastle United FC,Tottenham Hotspur FC,4,0,Premier League
2024-04-13T14:00:00Z,2023,Brentford FC,Sheffield United FC,2,0,Premier League
2024-04-13T14:00:00Z,2023,Burnley FC,Brighton & Hove Albion FC,1,1,Premier League
2024-04-13T14:00:00Z,2023,Manchester City FC,Luton Town FC,5,1,Premier League
2024-04-13T14:00:00Z,2023,Nottingham Forest FC,Wolverhampton Wanderers FC,2,2,Premier League
2024-04-13T16:30:00Z,2023,AFC Bournemouth,Manchester United FC,2,2,Premier League
2024-04-14T13:00:00Z,2023,Liverpool FC,Crystal Palace FC,0,1,Premier League
2024-04-14T13:00:00Z,2023,West Ham United FC,Fulham FC,0,2,Premier League
2024-04-14T15:30:00Z,2023,Arsenal FC,Aston Villa FC,0,2,Premier League
2024-04-15T19:00:00Z,2023,Chelsea FC,Everton FC,6,0,Premier League
2024-04-20T14:00:00Z,2023,Luton Town FC,Brentford FC,1,5,Premier League
2024-04-20T14:00:00Z,2023,Sheffield United FC,Burnley FC,1,4,Premier League
2024-04-20T18:30:00Z,2023,Wolverhampton Wanderers FC,Arsenal FC,0,2,Premier League
2024-04-21T12:30:00Z,2023,Everton FC,Nottingham Forest FC,2,0,Premier League
2024-04-21T14:00:00Z,2023,Aston Villa FC,AFC Bournemouth,3,1,Premier League
2024-04-21T14:00:00Z,2023,Crystal Palace FC,West Ham United FC,5,2,Premier League
2024-04-21T15:30:00Z,2023,Fulham FC,Liverpool FC,1,3,Premier League
2024-04-23T19:00:00Z,2023,Arsenal FC,Chelsea FC,5,0,Premier League
2024-04-24T18:45:00Z,2023,Wolverhampton Wanderers FC,AFC Bournemouth,0,1,Premier League
2024-04-24T19:00:00Z,2023,Crystal Palace FC,Newcastle United FC,2,0,Premier League
2024-04-24T19:00:00Z,2023,Everton FC,Liverpool FC,2,0,Premier League
2024-04-24T19:00:00Z,2023,Manchester United FC,Sheffield United FC,4,2,Premier League
2024-04-25T19:00:00Z,2023,Brighton & Hove Albion FC,Manchester City FC,0,4,Premier League
2024-04-27T11:30:00Z,2023,West Ham United FC,Liverpool FC,2,2,Premier League
2024-04-27T14:00:00Z,2023,Fulham FC,Crystal Palace FC,1,1,Premier League
2024-04-27T14:00:00Z,2023,Manchester United FC,Burnley FC,1,1,Premier League
2024-04-27T14:00:00Z,2023,Newcastle United FC,Sheffield United FC,5,1,Premier League
2024-04-27T14:00:00Z,2023,Wolverhampton Wanderers FC,Luton Town FC,2,1,Premier League
2024-04-27T16:30:00Z,2023,Everton FC,Brentford FC,1,0,Premier League
2024-04-27T19:00:00Z,2023,Aston Villa FC,Chelsea FC,2,2,Premier League
2024-04-28T13:00:00Z,2023,AFC Bournemouth,Brighton & Hove Albion FC,3,0,Premier League
2024-04-28T13:00:00Z,2023,Tottenham Hotspur FC,Arsenal FC,2,3,Premier League
2024-04-28T15:30:00Z,2023,Nottingham Forest FC,Manchester City FC,0,2,Premier League
2024-05-02T18:30:00Z,2023,Chelsea FC,Tottenham Hotspur FC,2,0,Premier League
2024-05-03T19:00:00Z,2023,Luton Town FC,Everton FC,1,1,Premier League
2024-05-04T11:30:00Z,2023,Arsenal FC,AFC Bournemouth,3,0,Premier League
2024-05-04T14:00:00Z,2023,Brentford FC,Fulham FC,0,0,Premier League
2024-05-04T14:00:00Z,2023,Burnley FC,Newcastle United FC,1,4,Premier League
2024-05-04T14:00:00Z,2023,Sheffield United FC,Nottingham Forest FC,1,3,Premier League
2024-05-04T16:30:00Z,2023,Manchester City FC,Wolverhampton Wanderers FC,5,1,Premier League
2024-05-05T13:00:00Z,2023,Brighton & Hove Albion FC,Aston Villa FC,1,0,Premier League
2024-05-05T13:00:00Z,2023,Chelsea FC,West Ham United FC,5,0,Premier League
2024-05-05T15:30:00Z,2023,Liverpool FC,Tottenham Hotspur FC,4,2,Premier League
2024-05-06T19:00:00Z,2023,Crystal Palace FC,Manchester United FC,4,0,Premier League
2024-05-11T11:30:00Z,2023,Fulham FC,Manchester City FC,0,4,Premier League
2024-05-11T14:00:00Z,2023,AFC Bournemouth,Brentford FC,1,2,Premier League
2024-05-11T14:00:00Z,2023,Everton FC,Sheffield United FC,1,0,Premier League
2024-05-11T14:00:00Z,2023,Newcastle United FC,Brighton & Hove Albion FC,1,1,Premier League
2024-05-11T14:00:00Z,2023,Tottenham Hotspur FC,Burnley FC,2,1,Premier League
2024-05-11T14:00:00Z,2023,West Ham United FC,Luton Town FC,3,1,Premier League
2024-05-11T14:00:00Z,2023,Wolverhampton Wanderers FC,Crystal Palace FC,1,3,Premier League
2024-05-11T16:30:00Z,2023,Nottingham Forest FC,Chelsea FC,2,3,Premier League
2024-05-12T15:30:00Z,2023,Manchester United FC,Arsenal FC,0,1,Premier League
2024-05-13T19:00:00Z,2023,Aston Villa FC,Liverpool FC,3,3,Premier League
2024-05-14T19:00:00Z,2023,Tottenham Hotspur FC,Manchester City FC,0,2,Premier League
2024-05-15T18:45:00Z,2023,Brighton & Hove Albion FC,Chelsea FC,1,2,Premier League
2024-05-15T19:00:00Z,2023,Manchester United FC,Newcastle United FC,3,2,Premier League
2024-05-19T15:00:00Z,2023,Arsenal FC,Everton FC,2,1,Premier League
2024-05-19T15:00:00Z,2023,Brentford FC,Newcastle United FC,2,4,Premier League
2024-05-19T15:00:00Z,2023,Brighton & Hove Albion FC,Manchester United FC,0,2,Premier League
2024-05-19T15:00:00Z,2023,Burnley FC,Nottingham Forest FC,1,2,Premier League
2024-05-19T15:00:00Z,2023,Chelsea FC,AFC Bournemouth,2,1,Premier League
2024-05-19T15:00:00Z,2023,Crystal Palace FC,Aston Villa FC,5,0,Premier League
2024-05-19T15:00:00Z,2023,Liverpool FC,Wolverhampton Wanderers FC,2,0,Premier League
2024-05-19T15:00:00Z,2023,Luton Town FC,Fulham FC,2,4,Premier League
2024-05-19T15:00:00Z,2023,Manchester City FC,West Ham United FC,3,1,Premier League
2024-05-19T15:00:00Z,2023,Sheffield United FC,Tottenham Hotspur FC,0,3,Premier League
2024-08-16T19:00:00Z,2024,Manchester United FC,Fulham FC,1,0,Premier League
2024-08-17T11:30:00Z,2024,Ipswich Town FC,Liverpool FC,0,2,Premier League
2024-08-17T14:00:00Z,2024,Arsenal FC,Wolverhampton Wanderers FC,2,0,Premier League
2024-08-17T14:00:00Z,2024,Everton FC,Brighton & Hove Albion FC,0,3,Premier League
2024-08-17T14:00:00Z,2024,Newcastle United FC,Southampton FC,1,0,Premier League
2024-08-17T14:00:00Z,2024,Nottingham Forest FC,AFC Bournemouth,1,1,Premier League
2024-08-17T16:30:00Z,2024,West Ham United FC,Aston Villa FC,1,2,Premier League
2024-08-18T13:00:00Z,2024,Brentford FC,Crystal Palace FC,2,1,Premier League
2024-08-18T15:30:00Z,2024,Chelsea FC,Manchester City FC,0,2,Premier League
2024-08-19T19:00:00Z,2024,Leicester City FC,Tottenham Hotspur FC,1,1,Premier League
2024-08-24T11:30:00Z,2024,Brighton & Hove Albion FC,Manchester United FC,2,1,Premier League
2024-08-24T14:00:00Z,2024,Crystal Palace FC,West Ham United FC,0,2,Premier League
2024-08-24T14:00:00Z,2024,Fulham FC,Leicester City FC,2,1,Premier League
2024-08-24T14:00:00Z,2024,Manchester City FC,Ipswich Town FC,4,1,Premier League
2024-08-24T14:00:00Z,2024,Southampton FC,Nottingham Forest FC,0,1,Premier League
2024-08-24T14:00:00Z,2024,Tottenham Hotspur FC,Everton FC,4,0,Premier League
2024-08-24T16:30:00Z,2024,Aston Villa FC,Arsenal FC,0,2,Premier League
2024-08-25T13:00:00Z,2024,AFC Bournemouth,Newcastle United FC,1,1,Premier League
2024-08-25T13:00:00Z,2024,Wolverhampton Wanderers FC,Chelsea FC,2,6,Premier League
2024-08-25T15:30:00Z,2024,Liverpool FC,Brentford FC,2,0,Premier League
2024-08-31T11:30:00Z,2024,Arsenal FC,Brighton & Hove Albion FC,1,1,Premier League
2024-08-31T14:00:00Z,2024,Brentford FC,Southampton FC,3,1,Premier League
2024-08-31T14:00:00Z,2024,Everton FC,AFC Bournemouth,2,3,Premier League
2024-08-31T14:00:00Z,2024,Ipswich Town FC,Fulham FC,1,1,Premier League
2024-08-31T14:00:00Z,2024,Leicester City FC,Aston Villa FC,1,2,Premier League
2024-08-31T14:00:00Z,2024,Nottingham Forest FC,Wolverhampton Wanderers FC,1,1,Premier League
2024-08-31T16:30:00Z,2024,West Ham United FC,Manchester City FC,1,3,Premier League
2024-09-01T12:30:00Z,2024,Chelsea FC,Crystal Palace FC,1,1,Premier League
2024-09-01T12:30:00Z,2024,Newcastle United FC,Tottenham Hotspur FC,2,1,Premier League
2024-09-01T15:00:00Z,2024,Manchester United FC,Liverpool FC,0,3,Premier League
2024-09-14T11:30:00Z,2024,Southampton FC,Manchester United FC,0,3,Premier League
2024-09-14T14:00:00Z,2024,Brighton & Hove Albion FC,Ipswich Town FC,0,0,Premier League
2024-09-14T14:00:00Z,2024,Crystal Palace FC,Leicester City FC,2,2,Premier League
2024-09-14T14:00:00Z,2024,Fulham FC,West Ham United FC,1,1,Premier League
2024-09-14T14:00:00Z,2024,Liverpool FC,Nottingham Forest FC,0,1,Premier League
2024-09-14T14:00:00Z,2024,Manchester City FC,Brentford FC,2,1,Premier League
2024-09-14T16:30:00Z,2024,Aston Villa FC,Everton FC,3,2,Premier League
2024-09-14T19:00:00Z,2024,AFC Bournemouth,Chelsea FC,0,1,Premier League
2024-09-15T13:00:00Z,2024,Tottenham Hotspur FC,Arsenal FC,0,1,Premier League
2024-09-15T15:30:00Z,2024,Wolverhampton Wanderers FC,Newcastle United FC,1,2,Premier League
2024-09-21T11:30:00Z,2024,West Ham United FC,Chelsea FC,0,3,Premier League
2024-09-21T14:00:00Z,2024,Aston Villa FC,Wolverhampton Wanderers FC,3,1,Premier League
2024-09-21T14:00:00Z,2024,Fulham FC,Newcastle United FC,3,1,Premier League
2024-09-21T14:00:00Z,2024,Leicester City FC,Everton FC,1,1,Premier League
2024-09-21T14:00:00Z,2024,Liverpool FC,AFC Bournemouth,3,0,Premier League
2024-09-21T14:00:00Z,2024,Southampton FC,Ipswich Town FC,1,1,Premier League
2024-09-21T14:00:00Z,2024,Tottenham Hotspur FC,Brentford FC,3,1,Premier League
2024-09-21T16:30:00Z,2024,Crystal Palace FC,Manchester United FC,0,0,Premier League
2024-09-22T13:00:00Z,2024,Brighton & Hove Albion FC,Nottingham Forest FC,2,2,Premier League
2024-09-22T15:30:00Z,2024,Manchester City FC,Arsenal FC,2,2,Premier League
2024-09-28T11:30:00Z,2024,Newcastle United FC,Manchester City FC,1,1,Premier League
2024-09-28T14:00:00Z,2024,Arsenal FC,Leicester City FC,4,2,Premier League
2024-09-28T14:00:00Z,2024,Brentford FC,West Ham United FC,1,1,Premier League
2024-09-28T14:00:00Z,2024,Chelsea FC,Brighton & Hove Albion FC,4,2,Premier League
2024-09-28T14:00:00Z,2024,Everton FC,Crystal Palace FC,2,1,Premier League
2024-09-28T14:00:00Z,2024,Nottingham Forest FC,Fulham FC,0,1,Premier League
2024-09-28T16:30:00Z,2024,Wolverhampton Wanderers FC,Liverpool FC,1,2,Premier League
2024-09-29T13:00:00Z,2024,Ipswich Town FC,Aston Villa FC,2,2,Premier League
2024-09-29T15:30:00Z,2024,Manchester United FC,Tottenham Hotspur FC,0,3,Premier League
2024-09-30T19:00:00Z,2024,AFC Bournemouth,Southampton FC,3,1,Premier League
2024-10-05T11:30:00Z,2024,Crystal Palace FC,Liverpool FC,0,1,Premier League
2024-10-05T14:00:00Z,2024,Arsenal FC,Southampton FC,3,1,Premier League
2024-10-05T14:00:00Z,2024,Brentford FC,Wolverhampton Wanderers FC,5,3,Premier League
2024-10-05T14:00:00Z,2024,Leicester City FC,AFC Bournemouth,1,0,Premier League
2024-10-05T14:00:00Z,2024,Manchester City FC,Fulham FC,3,2,Premier League
2024-10-05T14:00:00Z,2024,West Ham United FC,Ipswich Town FC,4,1,Premier League
2024-10-05T16:30:00Z,2024,Everton FC,Newcastle United FC,0,0,Premier League
2024-10-06T13:00:00Z,2024,Aston Villa FC,Manchester United FC,0,0,Premier League
2024-10-06T13:00:00Z,2024,Chelsea FC,Nottingham Forest FC,1,1,Premier League
2024-10-06T15:30:00Z,2024,Brighton & Hove Albion FC,Tottenham Hotspur FC,3,2,Premier League
2024-10-19T11:30:00Z,2024,Tottenham Hotspur FC,West Ham United FC,4,1,Premier League
2024-10-19T14:00:00Z,2024,Fulham FC,Aston Villa FC,1,3,Premier League
2024-10-19T14:00:00Z,2024,Ipswich Town FC,Everton FC,0,2,Premier League
2024-10-19T14:00:00Z,2024,Manchester United FC,Brentford FC,2,1,Premier League
2024-10-19T14:00:00Z,2024,Newcastle United FC,Brighton & Hove Albion FC,0,1,Premier League
2024-10-19T14:00:00Z,2024,Southampton FC,Leicester City FC,2,3,Premier League
2024-10-19T16:30:00Z,2024,AFC Bournemouth,Arsenal FC,2,0,Premier League
2024-10-20T13:00:00Z,2024,Wolverhampton Wanderers FC,Manchester City FC,1,2,Premier League
2024-10-20T15:30:00Z,2024,Liverpool FC,Chelsea FC,2,1,Premier League
2024-10-21T19:00:00Z,2024,Nottingham Forest FC,Crystal Palace FC,1,0,Premier League
2024-10-25T19:00:00Z,2024,Leicester City FC,Nottingham Forest FC,1,3,Premier League
2024-10-26T14:00:00Z,2024,Aston Villa FC,AFC Bournemouth,1,1,Premier League
2024-10-26T14:00:00Z,2024,Brentford FC,Ipswich Town FC,4,3,Premier League
2024-10-26T14:00:00Z,2024,Brighton & Hove Albion FC,Wolverhampton Wanderers FC,2,2,Premier League
2024-10-26T14:00:00Z,2024,Manchester City FC,Southampton FC,1,0,Premier League
2024-10-26T16:30:00Z,2024,Everton FC,Fulham FC,1,1,Premier League
2024-10-27T14:00:00Z,2024,Chelsea FC,Newcastle United FC,2,1,Premier League
2024-10-27T14:00:00Z,2024,Crystal Palace FC,Tottenham Hotspur FC,1,0,Premier League
2024-10-27T14:00:00Z,2024,West Ham United FC,Manchester United FC,2,1,Premier League
2024-10-27T16:30:00Z,2024,Arsenal FC,Liverpool FC,2,2,Premier League
2024-11-02T12:30:00Z,2024,Newcastle United FC,Arsenal FC,1,0,Premier League
2024-11-02T15:00:00Z,2024,AFC Bournemouth,Manchester City FC,2,1,Premier League
2024-11-02T15:00:00Z,2024,Ipswich Town FC,Leicester City FC,1,1,Premier League
2024-11-02T15:00:00Z,2024,Liverpool FC,Brighton & Hove Albion FC,2,1,Premier League
2024-11-02T15:00:00Z,2024,Nottingham Forest FC,West Ham United FC,3,0,Premier League
2024-11-02T15:00:00Z,2024,Southampton FC,Everton FC,1,0,Premier League
2024-11-02T17:30:00Z,2024,Wolverhampton Wanderers FC,Crystal Palace FC,2,2,Premier League
2024-11-03T14:00:00Z,2024,Tottenham Hotspur FC,Aston Villa FC,4,1,Premier League
2024-11-03T16:30:00Z,2024,Manchester United FC,Chelsea FC,1,1,Premier League
2024-11-04T20:00:00Z,2024,Fulham FC,Brentford FC,2,1,Premier League
2024-11-09T15:00:00Z,2024,Brentford FC,AFC Bournemouth,3,2,Premier League
2024-11-09T15:00:00Z,2024,Crystal Palace FC,Fulham FC,0,2,Premier League
2024-11-09T15:00:00Z,2024,West Ham United FC,Everton FC,0,0,Premier League
2024-11-09T15:00:00Z,2024,Wolverhampton Wanderers FC,Southampton FC,2,0,Premier League
2024-11-09T17:30:00Z,2024,Brighton & Hove Albion FC,Manchester City FC,2,1,Premier League
2024-11-09T20:00:00Z,2024,Liverpool FC,Aston Villa FC,2,0,Premier League
2024-11-10T14:00:00Z,2024,Manchester United FC,Leicester City FC,3,0,Premier League
2024-11-10T14:00:00Z,2024,Nottingham Forest FC,Newcastle United FC,1,3,Premier League
2024-11-10T14:00:00Z,2024,Tottenham Hotspur FC,Ipswich Town FC,1,2,Premier League
2024-11-10T16:30:00Z,2024,Chelsea FC,Arsenal FC,1,1,Premier League
2024-11-23T12:30:00Z,2024,Leicester City FC,Chelsea FC,1,2,Premier League
2024-11-23T15:00:00Z,2024,AFC Bournemouth,Brighton & Hove Albion FC,1,2,Premier League
2024-11-23T15:00:00Z,2024,Arsenal FC,Nottingham Forest FC,3,0,Premier League
2024-11-23T15:00:00Z,2024,Aston Villa FC,Crystal Palace FC,2,2,Premier League
2024-11-23T15:00:00Z,2024,Everton FC,Brentford FC,0,0,Premier League
2024-11-23T15:00:00Z,2024,Fulham FC,Wolverhampton Wanderers FC,1,4,Premier League
2024-11-23T17:30:00Z,2024,Manchester City FC,Tottenham Hotspur FC,0,4,Premier League
2024-11-24T14:00:00Z,2024,Southampton FC,Liverpool FC,2,3,Premier League
2024-11-24T16:30:00Z,2024,Ipswich Town FC,Manchester United FC,1,1,Premier League
2024-11-25T20:00:00Z,2024,Newcastle United FC,West Ham United FC,0,2,Premier League
2024-11-29T20:00:00Z,2024,Brighton & Hove Albion FC,Southampton FC,1,1,Premier League
2024-11-30T15:00:00Z,2024,Brentford FC,Leicester City FC,4,1,Premier League
2024-11-30T15:00:00Z,2024,Crystal Palace FC,Newcastle United FC,1,1,Premier League
2024-11-30T15:00:00Z,2024,Nottingham Forest FC,Ipswich Town FC,1,0,Premier League
2024-11-30T15:00:00Z,2024,Wolverhampton Wanderers FC,AFC Bournemouth,2,4,Premier League
2024-11-30T17:30:00Z,2024,West Ham United FC,Arsenal FC,2,5,Premier League
2024-12-01T13:30:00Z,2024,Chelsea FC,Aston Villa FC,3,0,Premier League
2024-12-01T13:30:00Z,2024,Manchester United FC,Everton FC,4,0,Premier League
2024-12-01T13:30:00Z,2024,Tottenham Hotspur FC,Fulham FC,1,1,Premier League
2024-12-01T16:00:00Z,2024,Liverpool FC,Manchester City FC,2,0,Premier League
2024-12-03T19:30:00Z,2024,Ipswich Town FC,Crystal Palace FC,0,1,Premier League
2024-12-03T20:15:00Z,2024,Leicester City FC,West Ham United FC,3,1,Premier League
2024-12-04T19:30:00Z,2024,Everton FC,Wolverhampton Wanderers FC,4,0,Premier League
2024-12-04T19:30:00Z,2024,Manchester City FC,Nottingham Forest FC,3,0,Premier League
2024-12-04T19:30:00Z,2024,Newcastle United FC,Liverpool FC,3,3,Premier League
2024-12-04T19:30:00Z,2024,Southampton FC,Chelsea FC,1,5,Premier League
2024-12-04T20:15:00Z,2024,Arsenal FC,Manchester United FC,2,0,Premier League
2024-12-04T20:15:00Z,2024,Aston Villa FC,Brentford FC,3,1,Premier League
2024-12-05T19:30:00Z,2024,Fulham FC,Brighton & Hove Albion FC,3,1,Premier League
2024-12-05T20:15:00Z,2024,AFC Bournemouth,Tottenham Hotspur FC,1,0,Premier League
2024-12-07T15:00:00Z,2024,Aston Villa FC,Southampton FC,1,0,Premier League
2024-12-07T15:00:00Z,2024,Brentford FC,Newcastle United FC,4,2,Premier League
2024-12-07T15:00:00Z,2024,Crystal Palace FC,Manchester City FC,2,2,Premier League
2024-12-07T17:30:00Z,2024,Manchester United FC,Nottingham Forest FC,2,3,Premier League
2024-12-08T14:00:00Z,2024,Fulham FC,Arsenal FC,1,1,Premier League
2024-12-08T14:00:00Z,2024,Ipswich Town FC,AFC Bournemouth,1,2,Premier League
2024-12-08T14:00:00Z,2024,Leicester City FC,Brighton & Hove Albion FC,2,2,Premier League
2024-12-08T16:30:00Z,2024,Tottenham Hotspur FC,Chelsea FC,3,4,Premier League
2024-12-09T20:00:00Z,2024,West Ham United FC,Wolverhampton Wanderers FC,2,1,Premier League
2024-12-14T15:00:00Z,2024,Arsenal FC,Everton FC,0,0,Premier League
2024-12-14T15:00:00Z,2024,Liverpool FC,Fulham FC,2,2,Premier League
2024-12-14T15:00:00Z,2024,Newcastle United FC,Leicester City FC,4,0,Premier League
2024-12-14T15:00:00Z,2024,Wolverhampton Wanderers FC,Ipswich Town FC,1,2,Premier League
2024-12-14T17:30:00Z,2024,Nottingham Forest FC,Aston Villa FC,2,1,Premier League
2024-12-15T14:00:00Z,2024,Brighton & Hove Albion FC,Crystal Palace FC,1,3,Premier League
2024-12-15T16:30:00Z,2024,Manchester City FC,Manchester United FC,1,2,Premier League
2024-12-15T19:00:00Z,2024,Chelsea FC,Brentford FC,2,1,Premier League
2024-12-15T19:00:00Z,2024,Southampton FC,Tottenham Hotspur FC,0,5,Premier League
2024-12-16T20:00:00Z,2024,AFC Bournemouth,West Ham United FC,1,1,Premier League
2024-12-21T12:30:00Z,2024,Aston Villa FC,Manchester City FC,2,1,Premier League
2024-12-21T15:00:00Z,2024,Brentford FC,Nottingham Forest FC,0,2,Premier League
2024-12-21T15:00:00Z,2024,Ipswich Town FC,Newcastle United FC,0,4,Premier League
2024-12-21T15:00:00Z,2024,West Ham United FC,Brighton & Hove Albion FC,1,1,Premier League
2024-12-21T17:30:00Z,2024,Crystal Palace FC,Arsenal FC,1,5,Premier League
2024-12-22T14:00:00Z,2024,Everton FC,Chelsea FC,0,0,Premier League
2024-12-22T14:00:00Z,2024,Fulham FC,Southampton FC,0,0,Premier League
2024-12-22T14:00:00Z,2024,Leicester City FC,Wolverhampton Wanderers FC,0,3,Premier League
2024-12-22T14:00:00Z,2024,Manchester United FC,AFC Bournemouth,0,3,Premier League
2024-12-22T16:30:00Z,2024,Tottenham Hotspur FC,Liverpool FC,3,6,Premier League
2024-12-26T12:30:00Z,2024,Manchester City FC,Everton FC,1,1,Premier League
2024-12-26T15:00:00Z,2024,AFC Bournemouth,Crystal Palace FC,0,0,Premier League
2024-12-26T15:00:00Z,2024,Chelsea FC,Fulham FC,1,2,Premier League
2024-12-26T15:00:00Z,2024,Newcastle United FC,Aston Villa FC,3,0,Premier League
2024-12-26T15:00:00Z,2024,Nottingham Forest FC,Tottenham Hotspur FC,1,0,Premier League
2024-12-26T15:00:00Z,2024,Southampton FC,West Ham United FC,0,1,Premier League
2024-12-26T17:30:00Z,2024,Wolverhampton Wanderers FC,Manchester United FC,2,0,Premier League
2024-12-26T20:00:00Z,2024,Liverpool FC,Leicester City FC,3,1,Premier League
2024-12-27T19:30:00Z,2024,Brighton & Hove Albion FC,Brentford FC,0,0,Premier League
2024-12-27T20:15:00Z,2024,Arsenal FC,Ipswich Town FC,1,0,Premier League
2024-12-29T14:30:00Z,2024,Leicester City FC,Manchester City FC,0,2,Premier League
2024-12-29T15:00:00Z,2024,Crystal Palace FC,Southampton FC,2,1,Premier League
2024-12-29T15:00:00Z,2024,Everton FC,Nottingham Forest FC,0,2,Premier League
2024-12-29T15:00:00Z,2024,Fulham FC,AFC Bournemouth,2,2,Premier League
2024-12-29T15:00:00Z,2024,Tottenham Hotspur FC,Wolverhampton Wanderers FC,2,2,Premier League
2024-12-29T17:15:00Z,2024,West Ham United FC,Liverpool FC,0,5,Premier League
2024-12-30T19:45:00Z,2024,Aston Villa FC,Brighton & Hove Albion FC,2,2,Premier League
2024-12-30T19:45:00Z,2024,Ipswich Town FC,Chelsea FC,2,0,Premier League
2024-12-30T20:00:00Z,2024,Manchester United FC,Newcastle United FC,0,2,Premier League
2025-01-01T17:30:00Z,2024,Brentford FC,Arsenal FC,1,3,Premier League
2025-01-04T12:30:00Z,2024,Tottenham Hotspur FC,Newcastle United FC,1,2,Premier League
2025-01-04T15:00:00Z,2024,Southampton FC,Brentford FC,0,5,Premier League
2025-01-04T15:00:00Z,2024,Crystal Palace FC,Chelsea FC,1,1,Premier League
2025-01-04T15:00:00Z,2024,AFC Bournemouth,Everton FC,1,0,Premier League
2025-01-04T15:00:00Z,2024,Aston Villa FC,Leicester City FC,2,1,Premier League
2025-01-04T15:00:00Z,2024,Manchester City FC,West Ham United FC,4,1,Premier League
2025-01-04T17:30:00Z,2024,Brighton & Hove Albion FC,Arsenal FC,1,1,Premier League
2025-01-05T14:00:00Z,2024,Fulham FC,Ipswich Town FC,2,2,Premier League
2025-01-05T16:30:00Z,2024,Liverpool FC,Manchester United FC,2,2,Premier League
2025-01-06T20:00:00Z,2024,Wolverhampton Wanderers FC,Nottingham Forest FC,0,3,Premier League
2025-01-14T19:30:00Z,2024,West Ham United FC,Fulham FC,3,2,Premier League
2025-01-14T19:30:00Z,2024,Brentford FC,Manchester City FC,2,2,Premier League
2025-01-14T19:30:00Z,2024,Chelsea FC,AFC Bournemouth,2,2,Premier League
2025-01-14T20:00:00Z,2024,Nottingham Forest FC,Liverpool FC,1,1,Premier League
2025-01-15T19:30:00Z,2024,Everton FC,Aston Villa FC,0,1,Premier League
2025-01-15T19:30:00Z,2024,Leicester City FC,Crystal Palace FC,0,2,Premier League
2025-01-15T19:30:00Z,2024,Newcastle United FC,Wolverhampton Wanderers FC,3,0,Premier League
2025-01-15T20:00:00Z,2024,Arsenal FC,Tottenham Hotspur FC,2,1,Premier League
2025-01-16T19:30:00Z,2024,Ipswich Town FC,Brighton & Hove Albion FC,0,2,Premier League
2025-01-16T20:00:00Z,2024,Manchester United FC,Southampton FC,3,1,Premier League
2025-01-18T12:30:00Z,2024,Newcastle United FC,AFC Bournemouth,1,4,Premier League
2025-01-18T15:00:00Z,2024,West Ham United FC,Crystal Palace FC,0,2,Premier League
2025-01-18T15:00:00Z,2024,Leicester City FC,Fulham FC,0,2,Premier League
2025-01-18T15:00:00Z,2024,Brentford FC,Liverpool FC,0,2,Premier League
2025-01-18T17:30:00Z,2024,Arsenal FC,Aston Villa FC,2,2,Premier League
2025-01-19T14:00:00Z,2024,Manchester United FC,Brighton & Hove Albion FC,1,3,Premier League
2025-01-19T14:00:00Z,2024,Nottingham Forest FC,Southampton FC,3,2,Premier League
2025-01-19T14:00:00Z,2024,Everton FC,Tottenham Hotspur FC,3,2,Premier League
2025-01-19T16:30:00Z,2024,Ipswich Town FC,Manchester City FC,0,6,Premier League
2025-01-20T20:00:00Z,2024,Chelsea FC,Wolverhampton Wanderers FC,3,1,Premier League
2025-01-25T15:00:00Z,2024,Liverpool FC,Ipswich Town FC,4,1,Premier League
2025-01-25T15:00:00Z,2024,Wolverhampton Wanderers FC,Arsenal FC,0,1,Premier League
2025-01-25T15:00:00Z,2024,Brighton & Hove Albion FC,Everton FC,0,1,Premier League
2025-01-25T15:00:00Z,2024,Southampton FC,Newcastle United FC,1,3,Premier League
2025-01-25T15:00:00Z,2024,AFC Bournemouth,Nottingham Forest FC,5,0,Premier League
2025-01-25T17:30:00Z,2024,Manchester City FC,Chelsea FC,3,1,Premier League
2025-01-26T14:00:00Z,2024,Crystal Palace FC,Brentford FC,1,2,Premier League
2025-01-26T14:00:00Z,2024,Tottenham Hotspur FC,Leicester City FC,1,2,Premier League
2025-01-26T16:30:00Z,2024,Aston Villa FC,West Ham United FC,1,1,Premier League
2025-01-26T19:00:00Z,2024,Fulham FC,Manchester United FC,0,1,Premier League
2025-02-01T12:30:00Z,2024,Nottingham Forest FC,Brighton & Hove Albion FC,7,0,Premier League
2025-02-01T15:00:00Z,2024,Newcastle United FC,Fulham FC,1,2,Premier League
2025-02-01T15:00:00Z,2024,Everton FC,Leicester City FC,4,0,Premier League
2025-02-01T15:00:00Z,2024,AFC Bournemouth,Liverpool FC,0,2,Premier League
2025-02-01T15:00:00Z,2024,Ipswich Town FC,Southampton FC,1,2,Premier League
2025-02-01T17:30:00Z,2024,Wolverhampton Wanderers FC,Aston Villa FC,2,0,Premier League
2025-02-02T14:00:00Z,2024,Manchester United FC,Crystal Palace FC,0,2,Premier League
2025-02-02T14:00:00Z,2024,Brentford FC,Tottenham Hotspur FC,0,2,Premier League
2025-02-02T16:30:00Z,2024,Arsenal FC,Manchester City FC,5,1,Premier League
2025-02-03T20:00:00Z,2024,Chelsea FC,West Ham United FC,2,1,Premier League
2025-02-12T19:30:00Z,2024,Everton FC,Liverpool FC,2,2,Premier League
2025-02-14T20:00:00Z,2024,Brighton & Hove Albion FC,Chelsea FC,3,0,Premier League
2025-02-15T12:30:00Z,2024,Leicester City FC,Arsenal FC,0,2,Premier League
2025-02-15T15:00:00Z,2024,Southampton FC,AFC Bournemouth,1,3,Premier League
2025-02-15T15:00:00Z,2024,West Ham United FC,Brentford FC,0,1,Premier League
2025-02-15T15:00:00Z,2024,Aston Villa FC,Ipswich Town FC,1,1,Premier League
2025-02-15T15:00:00Z,2024,Manchester City FC,Newcastle United FC,4,0,Premier League
2025-02-15T15:00:00Z,2024,Fulham FC,Nottingham Forest FC,2,1,Premier League
2025-02-15T17:30:00Z,2024,Crystal Palace FC,Everton FC,1,2,Premier League
2025-02-16T14:00:00Z,2024,Liverpool FC,Wolverhampton Wanderers FC,2,1,Premier League
2025-02-16T16:30:00Z,2024,Tottenham Hotspur FC,Manchester United FC,1,0,Premier League
2025-02-19T19:30:00Z,2024,Aston Villa FC,Liverpool FC,2,2,Premier League
2025-02-21T20:00:00Z,2024,Leicester City FC,Brentford FC,0,4,Premier League
2025-02-22T12:30:00Z,2024,Everton FC,Manchester United FC,2,2,Premier League
2025-02-22T15:00:00Z,2024,Ipswich Town FC,Tottenham Hotspur FC,1,4,Premier League
2025-02-22T15:00:00Z,2024,Fulham FC,Crystal Palace FC,0,2,Premier League
2025-02-22T15:00:00Z,2024,Arsenal FC,West Ham United FC,0,1,Premier League
2025-02-22T15:00:00Z,2024,AFC Bournemouth,Wolverhampton Wanderers FC,0,1,Premier League
2025-02-22T15:00:00Z,2024,Southampton FC,Brighton & Hove Albion FC,0,4,Premier League
2025-02-22T17:30:00Z,2024,Aston Villa FC,Chelsea FC,2,1,Premier League
2025-02-23T14:00:00Z,2024,Newcastle United FC,Nottingham Forest FC,4,3,Premier League
2025-02-23T16:30:00Z,2024,Manchester City FC,Liverpool FC,0,2,Premier League
2025-02-25T19:30:00Z,2024,Brighton & Hove Albion FC,AFC Bournemouth,2,1,Premier League
2025-02-25T19:30:00Z,2024,Crystal Palace FC,Aston Villa FC,4,1,Premier League
2025-02-25T19:30:00Z,2024,Wolverhampton Wanderers FC,Fulham FC,1,2,Premier League
2025-02-25T20:15:00Z,2024,Chelsea FC,Southampton FC,4,0,Premier League
2025-02-26T19:30:00Z,2024,Nottingham Forest FC,Arsenal FC,0,0,Premier League
2025-02-26T19:30:00Z,2024,Brentford FC,Everton FC,1,1,Premier League
2025-02-26T19:30:00Z,2024,Tottenham Hotspur FC,Manchester City FC,0,1,Premier League
2025-02-26T19:30:00Z,2024,Manchester United FC,Ipswich Town FC,3,2,Premier League
2025-02-26T20:15:00Z,2024,Liverpool FC,Newcastle United FC,2,0,Premier League
2025-02-27T20:00:00Z,2024,West Ham United FC,Leicester City FC,2,0,Premier League
2025-03-08T12:30:00Z,2024,Nottingham Forest FC,Manchester City FC,1,0,Premier League
2025-03-08T15:00:00Z,2024,Brighton & Hove Albion FC,Fulham FC,2,1,Premier League
2025-03-08T15:00:00Z,2024,Crystal Palace FC,Ipswich Town FC,1,0,Premier League
2025-03-08T15:00:00Z,2024,Liverpool FC,Southampton FC,3,1,Premier League
2025-03-08T17:30:00Z,2024,Brentford FC,Aston Villa FC,0,1,Premier League
2025-03-08T20:00:00Z,2024,Wolverhampton Wanderers FC,Everton FC,1,1,Premier League
2025-03-09T14:00:00Z,2024,Tottenham Hotspur FC,AFC Bournemouth,2,2,Premier League
2025-03-09T14:00:00Z,2024,Chelsea FC,Leicester City FC,1,0,Premier League
2025-03-09T16:30:00Z,2024,Manchester United FC,Arsenal FC,1,1,Premier League
2025-03-10T20:00:00Z,2024,West Ham United FC,Newcastle United FC,0,1,Premier League
2025-03-15T15:00:00Z,2024,Everton FC,West Ham United FC,1,1,Premier League
2025-03-15T15:00:00Z,2024,Ipswich Town FC,Nottingham Forest FC,2,4,Premier League
2025-03-15T15:00:00Z,2024,Manchester City FC,Brighton & Hove Albion FC,2,2,Premier League
2025-03-15T15:00:00Z,2024,Southampton FC,Wolverhampton Wanderers FC,1,2,Premier League
2025-03-15T17:30:00Z,2024,AFC Bournemouth,Brentford FC,1,2,Premier League
2025-03-16T13:30:00Z,2024,Arsenal FC,Chelsea FC,1,0,Premier League
2025-03-16T13:30:00Z,2024,Fulham FC,Tottenham Hotspur FC,2,0,Premier League
2025-03-16T19:00:00Z,2024,Leicester City FC,Manchester United FC,0,3,Premier League
2025-04-01T18:45:00Z,2024,Arsenal FC,Fulham FC,2,1,Premier League
2025-04-01T18:45:00Z,2024,Wolverhampton Wanderers FC,West Ham United FC,1,0,Premier League
2025-04-01T19:00:00Z,2024,Nottingham Forest FC,Manchester United FC,1,0,Premier League
2025-04-02T18:45:00Z,2024,AFC Bournemouth,Ipswich Town FC,1,2,Premier League
2025-04-02T18:45:00Z,2024,Brighton & Hove Albion FC,Aston Villa FC,0,3,Premier League
2025-04-02T18:45:00Z,2024,Manchester City FC,Leicester City FC,2,0,Premier League
2025-04-02T18:45:00Z,2024,Newcastle United FC,Brentford FC,2,1,Premier League
2025-04-02T18:45:00Z,2024,Southampton FC,Crystal Palace FC,1,1,Premier League
2025-04-02T19:00:00Z,2024,Liverpool FC,Everton FC,1,0,Premier League
2025-04-03T19:00:00Z,2024,Chelsea FC,Tottenham Hotspur FC,1,0,Premier League
2025-04-05T11:30:00Z,2024,Everton FC,Arsenal FC,1,1,Premier League
2025-04-05T14:00:00Z,2024,Crystal Palace FC,Brighton & Hove Albion FC,2,1,Premier League
2025-04-05T14:00:00Z,2024,Ipswich Town FC,Wolverhampton Wanderers FC,1,2,Premier League
2025-04-05T14:00:00Z,2024,West Ham United FC,AFC Bournemouth,2,2,Premier League
2025-04-05T16:30:00Z,2024,Aston Villa FC,Nottingham Forest FC,2,1,Premier League
2025-04-06T13:00:00Z,2024,Brentford FC,Chelsea FC,0,0,Premier League
2025-04-06T13:00:00Z,2024,Fulham FC,Liverpool FC,3,2,Premier League
2025-04-06T13:00:00Z,2024,Tottenham Hotspur FC,Southampton FC,3,1,Premier League
2025-04-06T15:30:00Z,2024,Manchester United FC,Manchester City FC,0,0,Premier League
2025-04-07T19:00:00Z,2024,Leicester City FC,Newcastle United FC,0,3,Premier League
2025-04-12T11:30:00Z,2024,Manchester City FC,Crystal Palace FC,5,2,Premier League
2025-04-12T14:00:00Z,2024,Brighton & Hove Albion FC,Leicester City FC,2,2,Premier League
2025-04-12T14:00:00Z,2024,Nottingham Forest FC,Everton FC,0,1,Premier League
2025-04-12T14:00:00Z,2024,Southampton FC,Aston Villa FC,0,3,Premier League
2025-04-12T16:30:00Z,2024,Arsenal FC,Brentford FC,1,1,Premier League
2025-04-13T13:00:00Z,2024,Chelsea FC,Ipswich Town FC,2,2,Premier League
2025-04-13T13:00:00Z,2024,Liverpool FC,West Ham United FC,2,1,Premier League
2025-04-13T13:00:00Z,2024,Wolverhampton Wanderers FC,Tottenham Hotspur FC,4,2,Premier League
2025-04-13T15:30:00Z,2024,Newcastle United FC,Manchester United FC,4,1,Premier League
2025-04-14T19:00:00Z,2024,AFC Bournemouth,Fulham FC,1,0,Premier League
2025-04-16T18:30:00Z,2024,Newcastle United FC,Crystal Palace FC,5,0,Premier League
2025-04-19T14:00:00Z,2024,Brentford FC,Brighton & Hove Albion FC,4,2,Premier League
2025-04-19T14:00:00Z,2024,Crystal Palace FC,AFC Bournemouth,0,0,Premier League
2025-04-19T14:00:00Z,2024,Everton FC,Manchester City FC,0,2,Premier League
2025-04-19T14:00:00Z,2024,West Ham United FC,Southampton FC,1,1,Premier League
2025-04-19T16:30:00Z,2024,Aston Villa FC,Newcastle United FC,4,1,Premier League
2025-04-20T13:00:00Z,2024,Fulham FC,Chelsea FC,1,2,Premier League
2025-04-20T13:00:00Z,2024,Ipswich Town FC,Arsenal FC,0,4,Premier League
2025-04-20T13:00:00Z,2024,Manchester United FC,Wolverhampton Wanderers FC,0,1,Premier League
2025-04-20T15:30:00Z,2024,Leicester City FC,Liverpool FC,0,1,Premier League
2025-04-21T19:00:00Z,2024,Tottenham Hotspur FC,Nottingham Forest FC,1,2,Premier League
2025-04-22T19:00:00Z,2024,Manchester City FC,Aston Villa FC,2,1,Premier League
2025-04-23T19:00:00Z,2024,Arsenal FC,Crystal Palace FC,2,2,Premier League
2025-04-26T11:30:00Z,2024,Chelsea FC,Everton FC,1,0,Premier League
2025-04-26T14:00:00Z,2024,Brighton & Hove Albion FC,West Ham United FC,3,2,Premier League
2025-04-26T14:00:00Z,2024,Newcastle United FC,Ipswich Town FC,3,0,Premier League
2025-04-26T14:00:00Z,2024,Southampton FC,Fulham FC,1,2,Premier League
2025-04-26T14:00:00Z,2024,Wolverhampton Wanderers FC,Leicester City FC,3,0,Premier League
2025-04-27T13:00:00Z,2024,AFC Bournemouth,Manchester United FC,1,1,Premier League
2025-04-27T15:30:00Z,2024,Liverpool FC,Tottenham Hotspur FC,5,1,Premier League
2025-05-01T18:30:00Z,2024,Nottingham Forest FC,Brentford FC,0,2,Premier League
2025-05-02T19:00:00Z,2024,Manchester City FC,Wolverhampton Wanderers FC,1,0,Premier League
2025-05-03T11:30:00Z,2024,Aston Villa FC,Fulham FC,1,0,Premier League
2025-05-03T14:00:00Z,2024,Everton FC,Ipswich Town FC,2,2,Premier League
2025-05-03T14:00:00Z,2024,Leicester City FC,Southampton FC,2,0,Premier League
2025-05-03T16:30:00Z,2024,Arsenal FC,AFC Bournemouth,1,2,Premier League
2025-05-04T13:00:00Z,2024,Brentford FC,Manchester United FC,4,3,Premier League
2025-05-04T13:00:00Z,2024,Brighton & Hove Albion FC,Newcastle United FC,1,1,Premier League
2025-05-04T13:00:00Z,2024,West Ham United FC,Tottenham Hotspur FC,1,1,Premier League
2025-05-04T15:30:00Z,2024,Chelsea FC,Liverpool FC,3,1,Premier League
2025-05-05T19:00:00Z,2024,Crystal Palace FC,Nottingham Forest FC,1,1,Premier League
2025-05-10T14:00:00Z,2024,Fulham FC,Everton FC,1,3,Premier League
2025-05-10T14:00:00Z,2024,Ipswich Town FC,Brentford FC,0,1,Premier League
2025-05-10T14:00:00Z,2024,Southampton FC,Manchester City FC,0,0,Premier League
2025-05-10T14:00:00Z,2024,Wolverhampton Wanderers FC,Brighton & Hove Albion FC,0,2,Premier League
2025-05-10T16:30:00Z,2024,AFC Bournemouth,Aston Villa FC,0,1,Premier League
2025-05-11T11:00:00Z,2024,Newcastle United FC,Chelsea FC,2,0,Premier League
2025-05-11T13:15:00Z,2024,Manchester United FC,West Ham United FC,0,2,Premier League
2025-05-11T13:15:00Z,2024,Nottingham Forest FC,Leicester City FC,2,2,Premier League
2025-05-11T13:15:00Z,2024,Tottenham Hotspur FC,Crystal Palace FC,0,2,Premier League
2025-05-11T15:30:00Z,2024,Liverpool FC,Arsenal FC,2,2,Premier League
2025-05-16T18:30:00Z,2024,Aston Villa FC,Tottenham Hotspur FC,2,0,Premier League
2025-05-16T19:15:00Z,2024,Chelsea FC,Manchester United FC,1,0,Premier League
2025-05-18T11:00:00Z,2024,Everton FC,Southampton FC,2,0,Premier League
2025-05-18T13:15:00Z,2024,West Ham United FC,Nottingham Forest FC,1,2,Premier League
2025-05-18T14:00:00Z,2024,Brentford FC,Fulham FC,2,3,Premier League
2025-05-18T14:00:00Z,2024,Leicester City FC,Ipswich Town FC,2,0,Premier League
2025-05-18T15:30:00Z,2024,Arsenal FC,Newcastle United FC,1,0,Premier League
2025-05-19T19:00:00Z,2024,Brighton & Hove Albion FC,Liverpool FC,3,2,Premier League
2025-05-20T19:00:00Z,2024,Crystal Palace FC,Wolverhampton Wanderers FC,4,2,Premier League
2025-05-20T19:00:00Z,2024,Manchester City FC,AFC Bournemouth,3,1,Premier League
2025-05-25T15:00:00Z,2024,AFC Bournemouth,Leicester City FC,2,0,Premier League
2025-05-25T15:00:00Z,2024,Fulham FC,Manchester City FC,0,2,Premier League
2025-05-25T15:00:00Z,2024,Ipswich Town FC,West Ham United FC,1,3,Premier League
2025-05-25T15:00:00Z,2024,Liverpool FC,Crystal Palace FC,1,1,Premier League
2025-05-25T15:00:00Z,2024,Manchester United FC,Aston Villa FC,2,0,Premier League
2025-05-25T15:00:00Z,2024,Newcastle United FC,Everton FC,0,1,Premier League
2025-05-25T15:00:00Z,2024,Nottingham Forest FC,Chelsea FC,0,1,Premier League
2025-05-25T15:00:00Z,2024,Southampton FC,Arsenal FC,1,2,Premier League
2025-05-25T15:00:00Z,2024,Tottenham Hotspur FC,Brighton & Hove Albion FC,1,4,Premier League
2025-05-25T15:00:00Z,2024,Wolverhampton Wanderers FC,Brentford FC,1,1,Premier League
